,T_P proba
PALHUI_FSR,0.19717235172472297
gmof_Zn4O13-BDC_A-irmof20_A_No236,0.0
gmof_AlO6-irmof20_A_No12,0.0
JEDQIS_FSR,0.13693582894864484
VAKDOD_FSR,0.0
ASAXID_FSR,0.0
KIYFAC_FSR,0.0
QODTOU_FSR,0.0
gmof_Zn4O13-BDC_A-irmof20_A_No182,0.0
boydwoo_str_m1_o4_o24_pcu_sym_3,0.0
GERCAK_FSR,0.0
boydwoo_str_m7_Zn_o25_o26_bcu_sym_69,0.0
boydwoo_str_m3_o16_o24_pcu_sym_56,0.0
SOHYEV_FSR,0.0
boydwoo_str_m7_Zn_o6_o20_bcu_sym_126,0.18348237594427771
BEMWOG_FSR,0.0
gmof_Al2O6-irmof16_B-irmof20_B_No344,0.0
boydwoo_str_m7_Zn_o11_o22_bcu_sym_123,0.0
TABQAR_FSR,0.0
boydwoo_str_m7_Zn_o6_o20_bcu_sym_148,0.0
IKOZOZ_FSR,0.0
gmof_Zn4O13-BDC_A-irmof20_A_No176,0.0
boydwoo_str_m7_Zn_o20_o23_bcu_sym_26,0.0
CEVPID01_FSR,0.0
gmof_Uio66Zr-BDC_A-irmof7_A_No84,0.0
tobacco_srsb_sym_3_on_4_sym_3_mc_0_L_2,0.0
boydwoo_str_m7_o2_o13_bcu_sym_14,0.0
WUFFIN_FSR,0.0
YOFRIV_FSR,0.0
OVIDON_FSR,0.0
gmof_Zn4O13-irmof20_A-irmof6_A_No184,0.0
ECAHUN_FSR,0.0
gmof_Zn4O13-irmof20_A-irmof6_A_No107,0.0
NAMKUK_FSR,0.0
boydwoo_str_m3_o4_o14_pcu_sym_124,0.0
boydwoo_str_m7_o8_o23_bcu_sym_203,0.0
YIGQOU_FSR,0.12708652796916758
HOQKOO_FSR,0.0
tobacco_srsb_sym_3_on_2_sym_3_mc_0_L_2,0.0
IGUTUB01_FSR,0.19157826544228784
boydwoo_str_m3_o4_o21_pcu_sym_39,0.0
SUTBIT_FSR,0.03804479173652319
boydwoo_str_m7_Zn_o8_o25_bcu_sym_151,0.0
QUQBAH_FSR,0.04411053202021949
boydwoo_str_m3_o13_o24_pcu_sym_222,0.0
boydwoo_str_m7_Zn_o8_o23_bcu_sym_214,0.0
boydwoo_str_m5_Al_o13_o24_sra_sym_85,0.0
gmof_Zn2O8N2-irmof20_A-irmof7_A_No26,0.0
KUFSUB_FSR,0.0
gmof_Al2O6-irmof20_B-irmof7_B_No184,0.0
PIHJIB_FSR,0.19876808837966145
boydwoo_str_m4_Al_o17_o25_acs_sym_92,0.0
MOF-5_cooh_2_930_1,0.0
boydwoo_str_m7_o1_o4_bcu_sym_46,0.0
IGOBUC_FSR,0.0
boydwoo_str_m7_o12_o22_bcu_sym_33,0.0
gmof_Uio66Zr-irmof6_A-irmof7_A_No24,0.0
gmof_Uio66Zr-BDC_A-irmof7_A_No29,0.0
PITJAG_FSR,0.0
gmof_Zn4O13-BDC_A-irmof20_A_No87,0.0
gmof_Zn4O13-BDC_A-irmof20_A_No538,0.0
TECREZ_FSR,0.0
boydwoo_str_m7_Zn_o8_o17_bcu_sym_56,0.0
UWEGUZ_FSR,0.0
gmof_Zn2O8N2-irmof20_A-irmof6_A_No310,0.0
SOHGUS_FSR,0.021547143569846456
boydwoo_str_m7_Zn_o25_o26_bcu_sym_131,0.0
core_HIGRIA_freeONLY,0.0
BUZGEJ_FSR,0.0
WADDUD_FSR,0.0
TABPUK_FSR,0.0
HEJCIL_FSR,0.0
TOKDON_FSR,0.1553472549893971
POCQIJ_FSR,0.0
gmof_AlO6-irmof20_A_No5,0.0
SEMWOZ_FSR,0.0
MOF-5_cooh_2_1401_2,0.0
gmof_Zn4O13-BDC_A-irmof20_A_No207,0.0
gmof_Al2O6-DPAC_B-irmof20_B_No342,0.0
gmof_AlO6-mof177-N_No18,0.0
boydwoo_str_m7_Zn_o8_o17_bcu_sym_233,0.0
FAHHUT_FSR,0.0
UVAROZ_FSR,0.0
gmof_Al2O6-irmof20_B-irmof7_B_No136,0.0
GADMUW_FSR,0.0
gmof_Al2O6-BDC_B-irmof7_B_No590,0.0
boydwoo_str_m7_Zn_o17_o26_bcu_sym_105,0.0
boydwoo_str_m5_Al_o13_o22_sra_sym_92,0.0
QUYLIH_FSR,0.0
gmof_Zn4O13-irmof20_A-irmof6_A_No26,0.0
boydwoo_str_m5_Al_o13_o24_sra_sym_201,0.0
gmof_Uio66Zr-irmof6_A-irmof7_A_No148,0.0
FAHJAB_FSR,0.0
gmof_Uio66Zr-irmof20_A-irmof8_A_No122,0.0
gmof_Zn2O8-ADC_A-irmof20_A_No313,0.0
CUQNUZ_FSR,0.0
gmof_Uio66Zr-BDC_A-irmof6_A_No371,0.0
gmof_Uio66Zr-irmof20_A-irmof8_A_No120,0.0
boydwoo_str_m7_Zn_o17_o26_bcu_sym_40,0.0
SIXWIH_FSR,0.0
FOJKIA_FSR,0.0
boydwoo_str_m7_Zn_o20_o25_bcu_sym_245,0.0
gmof_Uio66Zr-irmof20_A-irmof8_A_No182,0.0
EGOYEF_FSR,0.0
boydwoo_str_m7_Zn_o1_o12_bcu_sym_1,0.09199170099772133
boydwoo_str_m7_Zn_o1_o4_bcu_sym_103,0.0
core_SUJQOE_freeONLY,0.0
DUHPUT_FSR,0.03743526020065992
KAJZIH_FSR,0.08401132694972704
core_UKUBOS_freeONLY,0.0
boydwoo_str_m7_Zn_o19_o21_bcu_sym_127,0.0
UHOTUH_FSR,0.0
boydwoo_str_m7_Zn_o2_o13_bcu_sym_131,0.17398641609351914
ODOSEI_FSR,0.0
gmof_Zn4O13-irmof20_A-irmof6_A_No39,0.0
gmof_Zn2O8N2-irmof6_A-irmof7_A_No144,0.0
boydwoo_str_m3_o8_o12_pcu_sym_122,0.0
boydwoo_str_m7_Zn_o1_o11_bcu_sym_97,0.1316701675624958
CIZWIU_FSR,0.0
boydwoo_str_m7_Zn_o6_o25_bcu_sym_166,0.0
NEWCUP_FSR,0.0
gmof_AlO6-irmof20_A_No9,0.0
tobacco_srsb_sym_3_on_2_sym_3_mc_0__,0.0
NODDAM_FSR,0.0
COFNOB_FSR,0.0
boydwoo_str_m7_Zn_o6_o21_bcu_sym_21,0.1715379761383483
FIRBOX02_FSR,0.0
MOF-5_cooh_2_683_1,0.0
gmof_Zn4O13-irmof20_A-irmof6_A_No48,0.0
boydwoo_str_m7_o9_o13_bcu_sym_80,0.0
gmof_Al2O6-irmof7_B_No1,0.0
GUHJOJ_FSR,0.0
gmof_Zn4O13-BDC_A-irmof20_A_No170,0.0
CUSTIU_FSR,0.0
core_PUQHIT_SL,0.0
boydwoo_str_m7_Zn_o17_o26_bcu_sym_89,0.0
gmof_Zn2O8N2-irmof14_A-irmof20_A_No208,0.0
BEPDIK01_FSR,0.0
PALHOC_FSR,0.1944886265327133
RIVTOI_FSR,0.0
gmof_Zn2O8N2-irmof20_A-irmof8_A_No28,0.0
boydwoo_str_m7_o11_o24_bcu_sym_33,0.0
gmof_Uio66Zr-BDC_A-irmof7_A_No306,0.0
boydwoo_str_m7_Zn_o20_o25_bcu_sym_133,0.0
BUTJEG_FSR,0.0
DACYAI_FSR,0.0
boydwoo_str_m7_Zn_o25_o25_bcu_sym_35,0.0
RIFPEB_FSR,0.0
gmof_Zn4O13-BDC_A-irmof20_A_No58,0.0
boydwoo_str_m7_Zn_o2_o8_bcu_sym_125,0.0
ZEKCEA_FSR,0.0
gmof_AlO6-irmof20_A_No17,0.0
gmof_Zn4O13-irmof20_A-irmof6_A_No311,0.0
MAPHAP_FSR,0.0
boydwoo_str_m7_Zn_o20_o25_bcu_sym_176,0.0
gmof_Al2O6-BDC_B-irmof7_B_No550,0.0
QAKDAH_FSR,0.0
XICHEY_FSR,0.0
VAPROW_FSR,0.0
core_COJHIT_freeONLY,0.08370785787024282
boydwoo_str_m7_Zn_o8_o25_bcu_sym_20,0.0
BEPDOQ_FSR,0.0
XOLZUT_FSR,0.0
gmof_Uio66Zr-irmof20_A-irmof8_A_No278,0.0
gmof_Zn4O13-BDC_A-irmof20_A_No158,0.0
IPINUS_FSR,0.0
IKATIZ_FSR,0.0
FOXZAU_FSR,0.0
VOPHUF_FSR,0.0
gmof_Zn2O8N2-irmof12_A-irmof7_A_No1,0.0
tobacco_bor_sym_3_mc_0_sym_4_on_6_L_14,0.0
WEWLOB_FSR,0.0
SAMTUY_FSR,0.0
gmof_Al2O6-irmof10_B-irmof7_B_No15,0.0
boydwoo_str_m7_Zn_o10_o22_bcu_sym_31,0.0
core_QOHTUD_freeONLY,0.0
YOZGUR_FSR,0.0
core_REHVEH_freeONLY,0.0
XULGUI_FSR,0.0
AYOXOD_FSR,0.0
gmof_AlO6-irmof20_A_No8,0.0
gmof_Zn4O13-BDC_A-irmof20_A_No530,0.0
boydwoo_str_m7_Zn_o8_o25_bcu_sym_19,0.0
CAWXAZ_FSR,0.0
UGASAX_FSR,0.0
boydwoo_str_m7_Zn_o23_o25_bcu_sym_82,0.0
boydwoo_str_m3_o17_o24_pcu_sym_168,0.0
gmof_Uio66Zr-irmof20_A-irmof8_A_No166,0.0
DOHGEO_FSR,0.0
boydwoo_str_m7_o1_o22_bcu_sym_21,0.0
boydwoo_str_m3_o2_o10_pcu_sym_9,0.0
boydwoo_str_m3_o38_o38_fof_sym_17,0.0
gmof_Uio66Zr-irmof20_A-irmof8_A_No10,0.0
gmof_AlO6-irmof20_A_No4,0.0
XUDNAN_FSR,0.0
KOQCUQ_FSR,0.0
DOTSOV01_FSR,0.1459716754961387
DACXUB_FSR,0.0
boydwoo_str_m7_Zn_o1_o11_bcu_sym_174,0.18248901612861768
gmof_AlO6-mof177-N_No19,0.0
VEXPAS_FSR,0.0
IZISUG_FSR,0.0
gmof_Uio66Zr-irmof6_A-irmof7_A_No52,0.0
IPINEC_FSR,0.0
JUZGOC_FSR,0.0
core_WEFCAN_freeONLY,0.0
UGEMUQ_FSR,0.0
LUNGEJ01_FSR,0.0
POKFOL_FSR,0.0
boydwoo_str_m1_o9_o24_pcu_sym_87,0.0
boydwoo_str_m7_Zn_o12_o24_bcu_sym_38,0.0
gmof_AlO6-irmof20_A_No13,0.0
VEPJAD_FSR,0.0
TAYJAH_FSR,0.18813232157716092
boydwoo_str_m7_Zn_o8_o17_bcu_sym_72,0.0
AGEDIC_FSR,0.0
boydwoo_str_m7_Zn_o4_o13_bcu_sym_100,0.0
boydwoo_str_m7_Zn_o1_o4_bcu_sym_131,0.0
BEMJEK_FSR,0.15364794927273112
TIFMOK01_FSR,0.0
boydwoo_str_m3_o8_o24_pcu_sym_28,0.0
tobacco_bor_sym_3_mc_0_sym_4_on_14_L_16,0.0
LOHYOY_FSR,0.0
NABNOU_FSR,0.0
COSBIW_FSR,0.18990899177607032
gmof_Al2O6-BDC_B-irmof20_B_No236,0.0
TEWVUP_FSR,0.0
RAFXUS_FSR,0.0
UVINIX_FSR,0.0
core_IGOJEV_freeONLY,0.0
QAHKUH_FSR,0.12435944478596388
boydwoo_str_m7_Zn_o1_o4_bcu_sym_113,0.0
MIRWIU_FSR,0.0
MIKHIZ_FSR,0.0
boydwoo_str_m3_o1_o23_pcu_sym_23,0.0
IPIPII_FSR,0.0
BUTJIK01_FSR,0.0
boydwoo_str_m4_Al_o17_o25_acs_sym_229,0.0
core_BIBXOB_freeONLY,0.1718549319293182
boydwoo_str_m7_Zn_o10_o24_bcu_sym_94,0.0
gmof_Zn4O13-BDC_A-irmof20_A_No206,0.0
boydwoo_str_m7_Zn_o25_o25_bcu_sym_151,0.0
boydwoo_str_m7_Zn_o6_o25_bcu_sym_13,0.0
QUQBEL_FSR,0.10664570764184986
boydwoo_str_m7_Zn_o11_o11_bcu_sym_52,0.16811862814259182
UQUVOS_FSR,0.12697826990944397
boydwoo_str_m7_Zn_o11_o22_bcu_sym_100,0.0
boydwoo_str_m7_Zn_o20_o25_bcu_sym_69,0.0
SUNDIP_FSR,0.142519867567374
boydwoo_str_m7_o4_o10_bcu_sym_32,0.0
core_XAXQEU_SL,0.19030221707700118
boydwoo_str_m7_Zn_o25_o25_bcu_sym_12,0.0
BUPGID_FSR,0.0
VEPJEH_FSR,0.0
boydwoo_str_m7_Zn_o1_o9_bcu_sym_164,0.0
gmof_Uio66Zr-irmof20_A-imdb_No6,0.0
core_QOQWOK01_freeONLY,0.19847859510966695
MEQTIO_FSR,0.0
HAKWUM_FSR,0.0
JEXPEI_FSR,0.0
OGAGAH_FSR,0.0
BUSBAT_FSR,0.0
boydwoo_str_m7_Zn_o20_o25_bcu_sym_41,0.0
JECFED_FSR,0.17879271461972185
gmof_Zn4O13-BDC_A-irmof20_A_No448,0.0
boydwoo_str_m7_Zn_o4_o22_bcu_sym_64,0.0
gmof_Al2O6-BDC_B-irmof7_B_No2,0.0
gmof_Uio66Zr-irmof20_A-irmof8_A_No121,0.0
gmof_Zn4O13-BDC_A-irmof20_A_No136,0.0
DUKYOZ_FSR,0.0
boydwoo_str_m4_Al_o20_o25_acs_sym_277,0.0
tobacco_bor_sym_3_mc_0_sym_4_on_7_L_14,0.0
EZULAO_FSR,0.0
boydwoo_str_m7_Zn_o12_o22_bcu_sym_51,0.0
core_JOHFIW_manual,0.19277715466874007
tobacco_bor_sym_3_mc_0_sym_4_on_7_L_2,0.0
MOLCEW_FSR,0.0
NIGRIH_FSR,0.0
gmof_Zn2O8N2-irmof20_A-irmof6_A_No97,0.0
REZLUF_FSR,0.0
boydwoo_str_m3_o40_o41_fof_sym_106,0.0
boydwoo_str_m3_o4_o25_pcu_sym_101,0.0
CIFGOP_FSR,0.0
CIGYUP_FSR,0.0
boydwoo_str_m7_Zn_o1_o4_bcu_sym_76,0.0
core_LIFWOO_freeONLY,0.0
DEQVEB_FSR,0.0
gmof_Zn4O13-irmof20_A-irmof6_A_No57,0.0
EMAMIQ_FSR,0.0
gmof_Zn4O13-irmof20_A-irmof6_A_No41,0.0
boydwoo_str_m7_Zn_o4_o10_bcu_sym_92,0.0
boydwoo_str_m7_Zn_o4_o22_bcu_sym_18,0.0
MOXNUJ_FSR,0.0
IXIROY_FSR,0.0
gmof_AlO6-mof177-N_No14,0.0
QIVZEC_FSR,0.0
LOSGIL_FSR,0.0
PAHXIG_FSR,0.0
gmof_Uio66Zr-irmof6_A-irmof7_A_No126,0.0
core_TAYNEN_freeONLY,0.0
LAWLEC_FSR,0.0
ZIQFUD_FSR,0.0
boydwoo_str_m7_o19_o21_bcu_sym_84,0.0
gmof_AlO6-mof177-N_No37,0.0
DAPKEM_FSR,0.0
gmof_Zn2O8N2-BDC_A-DPAC_A_No49,0.15096440087279936
SODXEQ_FSR,0.0
WOHBOL_FSR,0.0
JOBGIS_FSR,0.0
SARMUU_FSR,0.0
NETXUI_FSR,0.0
core_PUQHEP_freeONLY,0.0
NADCUS_FSR,0.0
PETSEO_FSR,0.0
CIGYEY_FSR,0.0
boydwoo_str_m7_o9_o22_bcu_sym_226,0.0
boydwoo_str_m3_o8_o22_pcu_sym_26,0.0
boydwoo_str_m7_Zn_o6_o20_bcu_sym_39,0.0
JOFLAS_FSR,0.0
boydwoo_str_m7_Zn_o1_o11_bcu_sym_16,0.11291389110524075
gmof_Uio66Zr-irmof8_A-imd_No1,0.0
gmof_Uio66Zr-irmof6_A-irmof7_A_No18,0.0
MIHNOH_FSR,0.0
ROBFEW_FSR,0.0
boydwoo_str_m5_Al_o17_o22_sra_sym_3,0.0
MOF-5_cooh_2_1861_1,0.0
gmof_CuN4-SiF6-ADC_No1,0.061197354897744326
core_REHVAD_freeONLY,0.0720687176340882
gmof_Al2O6-irmof16_B-irmof20_B_No367,0.0
FOXYOH_FSR,0.0
HERNEA01_FSR,0.0
boydwoo_str_m7_Zn_o20_o23_bcu_sym_50,0.0
gmof_Zn4O13-BDC_A-irmof20_A_No296,0.0
gmof_Al2O6-irmof16_B-irmof20_B_No90,0.0
gmof_Zn4O13-irmof20_A-irmof6_A_No327,0.0
gmof_Al2O6-ADC_B-irmof20_B_No146,0.0
XIMPIU01_FSR,0.0
IBIVOF_FSR,0.0
gmof_Zn4O13-BDC_A-irmof20_A_No506,0.0
QUSVIK_FSR,0.0
gmof_Al2O6-ADC_B-irmof20_B_No336,0.0
gmof_ZnN4-SiF6-irmof20_No2,0.0
core_PIHNUQ_freeONLY,0.0
gmof_AlO6-irmof20_A_No7,0.0
gmof_Uio66Zr-irmof20_A-irmof8_A_No190,0.0
LAWRUY_FSR,0.15178766123724455
VIWHOA_FSR,0.0
LATRAC_FSR,0.0
boydwoo_str_m7_Zn_o8_o17_bcu_sym_119,0.0
boydwoo_str_m7_Zn_o25_o26_bcu_sym_150,0.0
YAMXOC_FSR,0.07845865691849292
XISCUY_FSR,0.0
XIZPIF_FSR,0.0
boydwoo_str_m3_o2_o24_pcu_sym_165,0.0
boydwoo_str_m7_Zn_o17_o26_bcu_sym_65,0.0
gmof_Zn4O13-BDC_A-irmof20_A_No242,0.0
gmof_AlO6-irmof20_A_No2,0.0
tobacco_srsb_sym_3_mc_0_sym_3_on_4__,0.0
LATQUV_FSR,0.0
COYKEH_FSR,0.0
boydwoo_str_m7_Zn_o8_o23_bcu_sym_126,0.0
core_ZURQOS_freeONLY,0.0
boydwoo_str_m7_Zn_o8_o17_bcu_sym_228,0.0
OZOPEA_FSR,0.0
MEFSEY_FSR,0.00527882692214226
boydwoo_str_m7_Zn_o8_o23_bcu_sym_69,0.0
boydwoo_str_m7_Zn_o17_o26_bcu_sym_92,0.0
core_ZILBAZ_freeONLY,0.1610230803227187
MIWJOT_FSR,0.0
AHEMOQ_FSR,0.0
gmof_Uio66Zr-irmof20_A-irmof8_A_No310,0.0
HEBJAB_FSR,0.0
LOSGOR01_FSR,0.0
gmof_Uio66Zr-irmof20_A-imdb_No3,0.0
boydwoo_str_m7_Zn_o4_o13_bcu_sym_117,0.0
ETESIG_FSR,0.0
boydwoo_str_m7_Zn_o6_o25_bcu_sym_124,0.0
QUHPUF_FSR,0.0
boydwoo_str_m7_Zn_o20_o25_bcu_sym_51,0.0
gmof_Zn4O13-irmof20_A-irmof6_A_No175,0.0
boydwoo_str_m7_Zn_o17_o26_bcu_sym_117,0.0
WAYWAW_FSR,0.0
boydwoo_str_m7_Zn_o10_o22_bcu_sym_134,0.0
boydwoo_str_m7_Zn_o17_o26_bcu_sym_182,0.0
gmof_AlO6-irmof7_A_No1,0.0
boydwoo_str_m7_Zn_o19_o21_bcu_sym_167,0.0
tobacco_bor_sym_3_mc_0_sym_4_on_8_L_2,0.0
gmof_Zn4O13-BDC_A-irmof20_A_No278,0.0
boydwoo_str_m7_Zn_o4_o4_bcu_sym_62,0.0
IBOZIK_FSR,0.0
EGUPED_FSR,0.0
LELMIZ_FSR,0.0
WADFAL_FSR,0.0
HADMOR_FSR,0.0
KIPZEQ_FSR,0.0
gmof_Zn4O13-irmof20_A-TED_A_No4,0.0
boydwoo_str_m7_Zn_o2_o13_bcu_sym_197,0.0
tobacco_bor_sym_3_mc_0_sym_4_on_14_L_20,0.0
ZUJGIX_FSR,0.1977428017662581
LISDAT_FSR,0.0
XANBOE_FSR,0.0
JOMVIQ_FSR,0.0
gmof_Al2O6-BDC_B-irmof7_B_No19,0.0
gmof_Al2O6-ADC_B-irmof20_B_No5,0.0
gmof_Al2O6-AZO_B-irmof20_B_No10,0.0
boydwoo_str_m3_o14_o25_pcu_sym_89,0.0
RAZBUR_FSR,0.1252171236839532
AYOXUJ_FSR,0.0
boydwoo_str_m3_o4_o7_pcu_sym_212,0.0
gmof_Zn4O13-irmof20_A-irmof6_A_No49,0.0
YIFKAC_FSR,0.0
CUYQIX_FSR,0.0
VIWHUG_FSR,0.0
CAZLEV_FSR,0.0
boydwoo_str_m7_Zn_o8_o23_bcu_sym_68,0.0
DEKYUP_FSR,0.0
gmof_Zn2O8-irmof20_A-pcn6_B_No7,0.0
gmof_Al2O6-BDC_B-irmof7_B_No138,0.0
core_VEBHUG_SL,0.0
GIYHON_FSR,0.0
boydwoo_str_m7_o1_o10_bcu_sym_181,0.18781016565708783
RANPAA_FSR,0.0
PIJGEV_FSR,0.0
tobacco_srsb_sym_3_mc_0_sym_3_on_2_L_3,0.0
boydwoo_str_m7_Zn_o20_o25_bcu_sym_48,0.0
UKUBUY_FSR,0.0
ROGSIQ_FSR,0.1926832963464601
FIPFIU03_FSR,0.0
LOXWAY_FSR,0.0
boydwoo_str_m7_Zn_o1_o22_bcu_sym_133,0.0
boydwoo_str_m3_o4_o6_pcu_sym_46,0.0
gmof_Uio66Zr-irmof20_A-imd_No1,0.0
core_QIPROY_freeONLY,0.0
NIXSOE_FSR,0.0
MAZTOX_FSR,0.0
AHXCUD10_FSR,0.0
PEJVOR_FSR,0.0
QUPZIM02_FSR,0.04689836367797324
QIPPUD_FSR,0.0
boydwoo_str_m4_Al_o2_o25_acs_sym_52,0.0
QUJFUX_FSR,0.0
boydwoo_str_m7_Zn_o4_o13_bcu_sym_172,0.0
gmof_AlO6-irmof20_A_No6,0.0
KOQJEH_FSR,0.0
WIYXUZ_FSR,0.0
tobacco_srsb_sym_3_mc_0_sym_3_mc_0_L_3,0.0
tobacco_SR_scu_v1-8c_Hf_1_Ch_v2-4c_B_Ch_1B_4CN_Ch_2x2x2,0.0
UJOBUS_FSR,0.0
XANBUL_FSR,0.0
JIVFUQ_FSR,0.0
FELRAR_FSR,0.0
boydwoo_str_m7_Zn_o20_o23_bcu_sym_203,0.0
SIZNUM_FSR,0.0
gmof_Al2O6-AZO_B-irmof20_B_No65,0.0
FONYOY_FSR,0.0
boydwoo_str_m5_Al_o13_o25_sra_sym_42,0.0
DACXOV_FSR,0.0
core_PENNUT_freeONLY,0.0
boydwoo_str_m7_Zn_o8_o25_bcu_sym_81,0.0
core_PEYPIU_freeONLY,0.0
gmof_Zn2O8N2-irmof6_A-irmof8_A_No22,0.0
BIMHUB01_FSR,0.0
QUHQEQ_FSR,0.0
QIVZAY_FSR,0.0
HOJLEY_FSR,0.0
gmof_Al2O6-AZO_B-irmof20_B_No197,0.0
WOGHEG_FSR,0.0
MOF-5_cooh_2_1314_1,0.0
QOXFUE_FSR,0.0
tobacco_srsb_sym_3_mc_0_sym_3_on_2__,0.0
core_IXURID_freeONLY,0.0
boydwoo_str_m1_o14_o24_pcu_sym_90,0.0
boydwoo_str_m3_o12_o28_pcu_sym_148,0.0
boydwoo_str_m7_o11_o11_bcu_sym_110,0.0
boydwoo_str_m7_Zn_o4_o4_bcu_sym_1,0.0
OVIDED_FSR,0.0
gmof_AlO6-mof177_No41,0.0
gmof_Uio66Zr-irmof12_A-irmof14_A_No8,0.0
core_SIZNIA_freeONLY,0.0
boydwoo_str_m3_o16_o22_pcu_sym_34,0.0
PAZXOD_FSR,0.0
gmof_AlO6-irmof20_A_No3,0.0
HICRUG_FSR,0.0
gmof_Zn2O8N2-DPAC_A-irmof6_A_No56,0.0
IGUVAJ_FSR,0.19135952201743148
EMAMOW_FSR,0.0
HUTKIS_FSR,0.0
boydwoo_str_m7_Zn_o8_o23_bcu_sym_96,0.0
QUHPOZ_FSR,0.0
boydwoo_str_m7_o8_o25_bcu_sym_246,0.0
core_FECWOB01_freeONLY,0.0
core_ROHWOC_freeONLY,0.0
QUZZES_FSR,0.0
gmof_Uio66Zr-irmof20_A-irmof8_A_No260,0.0
boydwoo_str_m7_Zn_o13_o24_bcu_sym_60,0.0
core_LASWEJ_freeONLY,0.0
boydwoo_str_m7_o9_o10_bcu_sym_168,0.0
FOYFAC_FSR,0.0
gmof_ZnN4-SiF6-ADC_No1,0.08496478227945639
tobacco_bor_sym_3_mc_0_sym_4_on_6_L_15,0.0
gmof_AlO6-mof177_No23,0.0
boydwoo_str_m7_Zn_o20_o23_bcu_sym_138,0.0
gmof_Zn4O13-irmof20_A-irmof6_A_No115,0.0
boydwoo_str_m3_o8_o24_pcu_sym_103,0.0
QUPZAE02_FSR,0.06766918146408947
boydwoo_str_m7_o9_o24_bcu_sym_35,0.0
GUTYAW_FSR,0.0
boydwoo_str_m7_Zn_o8_o17_bcu_sym_104,0.0
gmof_Uio66Zr-irmof6_A-irmof7_A_No123,0.0
QOHTOX_FSR,0.0
core_BOMCOX_freeONLY,0.0
boydwoo_str_m7_Zn_o4_o24_bcu_sym_230,0.0
FALCUR_FSR,0.0
HEJCOR_FSR,0.023686645098646143
MOF-5_cooh_2_1400_1,0.0
QULMUG_FSR,0.0
WECFAN_FSR,0.0
gmof_Zn4O13-BDC_A-irmof20_A_No542,0.0
UKUBIM_FSR,0.0
core_ESEVIH_freeONLY,0.07530669483023744
boydwoo_str_m7_o17_o26_bcu_sym_104,0.0
CAXREA01_FSR,0.0
gmof_Al2O6-irmof16_B-irmof20_B_No279,0.0
boydwoo_str_m4_Al_o20_o25_acs_sym_98,0.0
boydwoo_str_m7_Zn_o13_o24_bcu_sym_34,0.0
PADCEE_FSR,0.0
EYEYIR_FSR,0.0
gmof_Al2O6-ADC_B-irmof7_B_No8,0.0
core_HAXJEX_freeONLY,0.12470116164153268
boydwoo_str_m7_Zn_o10_o22_bcu_sym_42,0.0
BUWWAT_FSR,0.0
XAHJOI_FSR,0.0
tobacco_srsb_sym_3_mc_0_sym_3_on_0_L_12,0.0
BOWQEK_FSR,0.0
gmof_Al2O6-AZO_B-irmof20_B_No263,0.0
WEMMEI_FSR,0.0
BOFKAJ_FSR,0.0
gmof_Uio66Zr-BDC_A-irmof6_A_No105,0.0
JOFKOF_FSR,0.0
NETYAP_FSR,0.0
LIXRIV_FSR,0.0
NUXLUN01_FSR,0.0
boydwoo_str_m1_o14_o22_pcu_sym_21,0.0
boydwoo_str_m5_Al_o3_o25_sra_sym_135,0.0
boydwoo_str_m3_o14_o24_pcu_sym_26,0.0
DAPMAK_FSR,0.0
gmof_Zn2O8-ADC_A-irmof20_A_No178,0.0
KAKTIC01_FSR,0.0
WADFEP_FSR,0.0
tobacco_bor_sym_3_mc_0_sym_4_on_7_L_15,0.0
tobacco_bor_sym_3_mc_0_sym_4_on_6_L_20,0.0
gmof_Uio66Zr-irmof20_A-irmof8_A_No77,0.0
gmof_Zn2O8N2-irmof20_A-irmof6_A_No253,0.0
gmof_Uio66Zr-irmof20_A_No10,0.0
NUXMEY01_FSR,0.0
QOXFOY_FSR,0.0
MINLOM_FSR,0.0
tobacco_srsb_sym_3_mc_0_sym_3_on_2_L_16,0.0
EBOBUV_FSR,0.0
CILXIH01_FSR,0.1829662270333172
DEDKEE_FSR,0.0
CAYSEB01_FSR,0.0
boydwoo_str_m1_o9_o24_pcu_sym_14,0.0
POPQOC_FSR,0.0
boydwoo_str_m7_Zn_o8_o23_bcu_sym_225,0.0
HAMQIY_FSR,0.0
tobacco_bor_sym_3_mc_0_sym_4_on_8__,0.0
BEPDUW_FSR,0.0
CIDZOG_FSR,0.0
JIZCON_FSR,0.0
OGAGEL_FSR,0.0
gmof_Zn4O13-irmof20_A-irmof6_A_No118,0.0
boydwoo_str_m3_o17_o25_pcu_sym_15,0.0
boydwoo_str_m7_Zn_o1_o22_bcu_sym_5,0.0
POPLOW_FSR,0.0
boydwoo_str_m7_Zn_o8_o25_bcu_sym_232,0.0
NEHCAG_FSR,0.0
gmof_Al2O6-irmof10_B-irmof6_B_No9,0.0
boydwoo_str_m7_Zn_o17_o26_bcu_sym_77,0.0
NUYWOU_FSR,0.17173659404924127
gmof_AlO6-irmof20_A_No14,0.0
BUWWUN_FSR,0.0
gmof_Al2O6-ADC_B-fum_B_No249,0.0
KAKSAT01_FSR,0.0
HADMAD01_FSR,0.0
MOF-5_cooh_2_1239_1,0.0
CAZXIN_FSR,0.0
DIDBEZ_FSR,0.19689861434630204
boydwoo_str_m7_o20_o23_bcu_sym_158,0.0
EBOCOQ_FSR,0.0
CYPYCU10_FSR,0.0
DUTLAH_FSR,0.0
gmof_Zn4O13-irmof20_A-irmof6_A_No109,0.0
ZIGFEC_FSR,0.16156220099248458
QUPZIM_FSR,0.0
boydwoo_str_m7_Zn_o4_o13_bcu_sym_179,0.0
gmof_Zn4O13-irmof20_A-irmof6_A_No2,0.0
QANBAJ_FSR,0.0
core_BIBXUH_freeONLY,0.0
OGIHAO_FSR,0.0
IDUCOA01_FSR,0.0
boydwoo_str_m7_Zn_o6_o25_bcu_sym_104,0.0
core_CUNWEO_freeONLY,0.0
UKUCAF_FSR,0.0
boydwoo_str_m7_Zn_o11_o11_bcu_sym_71,0.1603436141217763
CIDDIE_FSR,0.0
boydwoo_str_m7_o12_o24_bcu_sym_7,0.0
boydwoo_str_m7_Zn_o8_o25_bcu_sym_88,0.0
WADDOX_FSR,0.0
EQUWIW_FSR,0.0
gmof_Zn4O13-BDC_A-irmof20_A_No2,0.0
boydwoo_str_m3_o1_o25_pcu_sym_199,0.0
SUJREV_FSR,0.0
GETWEJ_FSR,0.0
XINVEY_FSR,0.0
REHPUR_FSR,0.0
gmof_Uio66Zr-irmof8_A-imd_No16,0.0
boydwoo_str_m3_o40_o41_fof_sym_11,0.0
boydwoo_str_m7_Zn_o8_o17_bcu_sym_102,0.0
boydwoo_str_m7_Zn_o20_o23_bcu_sym_23,0.0
QOTDUZ_FSR,0.0
gmof_AlO6-irmof20_A_No10,0.0
AQOWIN_FSR,0.0
core_OTUXUX_freeONLY,0.0
boydwoo_str_m7_Zn_o25_o25_bcu_sym_261,0.0
YEKNOT_FSR,0.0
ERIHET_FSR,0.0
boydwoo_str_m7_Zn_o4_o22_bcu_sym_25,0.0
RUVYIR_FSR,0.0
boydwoo_str_m7_Zn_o13_o17_bcu_sym_119,0.0
gmof_Al2O6-BDC_B-irmof20_B_No102,0.0
EGUNUR_FSR,0.0
boydwoo_str_m7_o9_o24_bcu_sym_33,0.0
IKAVEX_FSR,0.0
core_EWESAC_freeONLY,0.0
gmof_Al2O6-DPAC_B-irmof20_B_No162,0.0
FEQSIF_FSR,0.0
gmof_Uio66Zr-irmof8_A_No17,0.0
CUQXUJ_FSR,0.0
boydwoo_str_m3_o25_o28_pcu_sym_173,0.0
TUYPEK_FSR,0.0
TITBIJ_FSR,0.0
NIXDIH_FSR,0.0
boydwoo_str_m7_Zn_o6_o25_bcu_sym_60,0.0
UHOMEL_FSR,0.0
QIVYUR_FSR,0.0
boydwoo_str_m7_Zn_o11_o22_bcu_sym_10,0.0
boydwoo_str_m3_o41_o41_fof_sym_33,0.0
DOTFOK_FSR,0.0
YIRXOP_FSR,0.15747385820844348
BUVPIT_FSR,0.0
gmof_Al2O6-DPAC_B-irmof20_B_No352,0.0
VAKDIX_FSR,0.0
KEXDUN_FSR,0.0
AYIWOV01_FSR,0.0
GIRDUI_FSR,0.0
boydwoo_str_m7_Zn_o4_o13_bcu_sym_21,0.0
IQAGEN_FSR,0.0
gmof_Al2O6-DPAC_B-irmof20_B_No112,0.0
core_ECAHAT_freeONLY,0.0
boydwoo_str_m7_Zn_o25_o25_bcu_sym_112,0.0
HEFNUD_FSR,0.0
boydwoo_str_m4_Al_o2_o25_acs_sym_228,0.0
BUWWOH_FSR,0.0
boydwoo_str_m3_o16_o24_pcu_sym_8,0.0
core_JODFOZ_freeONLY,0.02985153356816441
OKUTIY_FSR,0.0
boydwoo_str_m7_Zn_o6_o25_bcu_sym_99,0.0
PUHRUG_FSR,0.0
POPVIC_FSR,0.03427793957326568
WOLLUF_FSR,0.0
boydwoo_str_m7_o4_o13_bcu_sym_92,0.0
DUYVEA_FSR,0.0
DISYOU01_FSR,0.15015213213519393
OVIDAZ_FSR,0.0
boydwoo_str_m7_Zn_o4_o9_bcu_sym_7,0.0
GOVYOH_FSR,0.0
gmof_Al2O6-irmof12_B-irmof20_B_No4,0.0
boydwoo_str_m7_Zn_o11_o24_bcu_sym_157,0.0
LUXBAI_FSR,0.19491241840525897
FURKAG_FSR,0.0
TENLAC_FSR,0.0
core_KASPOL_freeONLY,0.0
gmof_AlO6-irmof20_A_No16,0.0
boydwoo_str_m4_Al_o17_o25_acs_sym_89,0.0
boydwoo_str_m7_Zn_o12_o24_bcu_sym_173,0.0
boydwoo_str_m5_Al_o13_o24_sra_sym_2,0.0
MEQPUW_FSR,0.0
gmof_Zn4O13-irmof20_A-irmof6_A_No31,0.0
gmof_Zn4O13-BDC_A-irmof20_A_No134,0.0
WUWYUI_FSR,0.0
boydwoo_str_m7_Zn_o1_o22_bcu_sym_30,0.0
tobacco_bor_sym_3_mc_0_sym_4_on_6_L_12,0.0
gmof_AlO6-mof177-N_No33,0.0
gmof_Zn4O13-irmof20_A-irmof6_A_No116,0.0
boydwoo_str_m7_Zn_o4_o13_bcu_sym_124,0.0
VEPJUX_FSR,0.0
EVOMEH_FSR,0.0
gmof_Uio66Zr-irmof20_A-irmof8_A_No228,0.0
gmof_Al2O6-DPAC_B-irmof20_B_No135,0.0
boydwoo_str_m4_Al_o20_o25_acs_sym_132,0.0
NAZBAT_FSR,0.0
boydwoo_str_m7_Zn_o8_o17_bcu_sym_77,0.0
boydwoo_str_m7_Zn_o6_o20_bcu_sym_87,0.0
boydwoo_str_m5_Al_o18_o23_sra_sym_1,0.0
AXOVEP_FSR,0.0
gmof_Zn4O13-irmof20_A-irmof6_A_No3,0.0
tobacco_SR_scu_v1-8c_Zr_1_Ch_v2-4c_B_Ch_1B_4CN_Ch_2x2x2,0.0
LOSGAD_FSR,0.0
SEFKUM_FSR,0.0
FUZWIH_FSR,0.0
UBEXEE_FSR,0.0
CUSTOA_FSR,0.0
WEFCER_FSR,0.0
boydwoo_str_m4_Al_o17_o25_acs_sym_18,0.0
YOSDOA_FSR,0.0
LELMOF_FSR,0.0
boydwoo_str_m7_Zn_o10_o24_bcu_sym_143,0.0
PIXHUB_FSR,0.02379571655206313
boydwoo_str_m7_Zn_o6_o25_bcu_sym_81,0.0
boydwoo_str_m7_Zn_o25_o26_bcu_sym_112,0.0
gmof_Al2O6-AZO_B-irmof20_B_No54,0.0
JOHLID_FSR,0.0
IYEXEP_FSR,0.0
boydwoo_str_m7_Zn_o20_o25_bcu_sym_155,0.0
gmof_Al2O6-DPAC_B-irmof20_B_No233,0.0
LATRIK_FSR,0.0
boydwoo_str_m7_Zn_o6_o20_bcu_sym_100,0.0
boydwoo_str_m7_Zn_o17_o26_bcu_sym_255,0.0
SISZIG_FSR,0.0
boydwoo_str_m7_Zn_o8_o25_bcu_sym_149,0.0
boydwoo_str_m7_Zn_o8_o25_bcu_sym_71,0.0
boydwoo_str_m7_Zn_o4_o22_bcu_sym_52,0.0
RABBUS_FSR,0.0
HUTWUQ_FSR,0.0
gmof_Al2O6-DPAC_B-irmof20_B_No253,0.0
core_HADLOQ01_freeONLY,0.0
gmof_AlO6-irmof20_A_No1,0.0
HOJJIB_FSR,0.0
