,id,identifier,csdRefcode,doi
gmof_Zn4O13-BDC_A-irmof20_A_No236,6196d16aa6be6ad33899efa2,qmof-9d35285,,https://doi.org/10.1039/C9TA01752F
gmof_AlO6-irmof20_A_No12,6196d0fda6be6ad33899e94a,qmof-a328797,,https://doi.org/10.1039/C9TA01752F
ASAXID_FSR,6196c72ef8a517a48b6c37d8,qmof-ef5f46f,ASAXID,https://doi.org/10.1016/j.poly.2016.06.051
QODTOU_FSR,6196cd13a6be6ad33899a52b,qmof-a7c79f1,QODTOU,https://doi.org/10.1039/C3CE42477D
gmof_Zn4O13-BDC_A-irmof20_A_No182,6196d15fa6be6ad33899ef0b,qmof-683accb,,https://doi.org/10.1039/C9TA01752F
boydwoo_str_m1_o4_o24_pcu_sym_3,6196cf97f8a517a48b6cc8d1,qmof-87f9fa2,,https://doi.org/10.24435/materialscloud:2018.0016/v3
boydwoo_str_m7_Zn_o25_o26_bcu_sym_69,6196d04bf8a517a48b6cd490,qmof-fcdce3e,,https://doi.org/10.24435/materialscloud:2018.0016/v3
boydwoo_str_m3_o16_o24_pcu_sym_56,6196cfb5f8a517a48b6cca70,qmof-79de66a,,https://doi.org/10.24435/materialscloud:2018.0016/v3
gmof_Al2O6-irmof16_B-irmof20_B_No344,6196d0fef8a517a48b6ce14e,qmof-fae0ae2,,https://doi.org/10.1039/C9TA01752F
boydwoo_str_m7_Zn_o11_o22_bcu_sym_123,6196d041a6be6ad33899dde0,qmof-5e5ad16,,https://doi.org/10.24435/materialscloud:2018.0016/v3
boydwoo_str_m7_Zn_o6_o20_bcu_sym_148,6196d063f8a517a48b6cd63d,qmof-d14fd27,,https://doi.org/10.24435/materialscloud:2018.0016/v3
gmof_Zn4O13-BDC_A-irmof20_A_No176,6196d15fa6be6ad33899ef00,qmof-3c63b34,,https://doi.org/10.1039/C9TA01752F
boydwoo_str_m7_Zn_o20_o23_bcu_sym_26,6196d23da6be6ad33899fb1c,qmof-2972f3b,,https://doi.org/10.24435/materialscloud:2018.0016/v3
CEVPID01_FSR,6196c7e4f8a517a48b6c4353,qmof-e454c8c,CEVPID01,https://doi.org/10.1002/anie.201505118
tobacco_srsb_sym_3_on_4_sym_3_mc_0_L_2,6196d1b0a6be6ad33899f34f,qmof-955fe88,,https://doi.org/10.1021/acs.cgd.7b00848
boydwoo_str_m7_o2_o13_bcu_sym_14,6196d066f8a517a48b6cd67a,qmof-8bfd99e,,https://doi.org/10.24435/materialscloud:2018.0016/v3
OVIDON_FSR,6196cc61a6be6ad338999895,qmof-df89737,OVIDON,https://doi.org/10.1021/cg101433t
gmof_Zn4O13-irmof20_A-irmof6_A_No184,6196d197a6be6ad33899f217,qmof-a6a203e,,https://doi.org/10.1039/C9TA01752F
gmof_Zn4O13-irmof20_A-irmof6_A_No107,6196d191a6be6ad33899f1cc,qmof-19da9fb,,https://doi.org/10.1039/C9TA01752F
boydwoo_str_m7_o8_o23_bcu_sym_203,6196d06af8a517a48b6cd6c7,qmof-e0a081e,,https://doi.org/10.24435/materialscloud:2018.0016/v3
tobacco_srsb_sym_3_on_2_sym_3_mc_0_L_2,6196d1afa6be6ad33899f340,qmof-7aebbbb,,https://doi.org/10.1021/acs.cgd.7b00848
IGUTUB01_FSR,6196ca29f8a517a48b6c6b26,qmof-e019673,IGUTUB01,https://doi.org/10.1038/ncomms7917
HIYPIO01_FSR,6196c9e6f8a517a48b6c6699,qmof-f9d2ea9,HIYPIO01,https://doi.org/10.1039/b002251i
SUTBIT_FSR,6196cdfba6be6ad33899b595,qmof-235f291,SUTBIT,https://doi.org/10.1021/cm902899t
boydwoo_str_m7_Zn_o8_o25_bcu_sym_151,6196d247a6be6ad33899fbb9,qmof-e726ffa,,https://doi.org/10.24435/materialscloud:2018.0016/v3
QUQBAH_FSR,6196cd4ff8a517a48b6c9ddc,qmof-90ea100,QUQBAH,https://doi.org/10.1038/nature15732
UQULAU_FSR,6196ce75f8a517a48b6cb34b,qmof-f0067ee,UQULAU,https://doi.org/10.1107/S1600536811012475
boydwoo_str_m3_o13_o24_pcu_sym_222,6196cf9af8a517a48b6cc8f9,qmof-1b7741c,,https://doi.org/10.24435/materialscloud:2018.0016/v3
boydwoo_str_m7_Zn_o8_o23_bcu_sym_214,6196d241a6be6ad33899fb5d,qmof-57e97e1,,https://doi.org/10.24435/materialscloud:2018.0016/v3
boydwoo_str_m5_Al_o13_o24_sra_sym_85,6196d027a6be6ad33899dbbe,qmof-0b8fec1,,https://doi.org/10.24435/materialscloud:2018.0016/v3
gmof_Zn2O8N2-irmof20_A-irmof7_A_No26,6196d15cf8a517a48b6ce9a7,qmof-e3a50a7,,https://doi.org/10.1039/C9TA01752F
gmof_Al2O6-irmof20_B-irmof7_B_No184,6196d108f8a517a48b6ce265,qmof-b405c94,,https://doi.org/10.1039/C9TA01752F
VALFUL_FSR,6196ce67f8a517a48b6cb22d,qmof-0cd4232,VALFUL,https://doi.org/10.1039/b920737f
COYCEZ_FSR,6196c802f8a517a48b6c455e,qmof-70a1fa1,COYCEZ,https://doi.org/10.1021/cg800896k
PIHJIB_FSR,6196ccc9a6be6ad33899a000,qmof-a6e0d05,PIHJIB,https://doi.org/10.1080/15533174.2012.758153
MOF-5_cooh_2_930_1,6196cbada6be6ad3389989cf,qmof-d943a25,,https://doi.org/10.1021/jp401920y
core_GUWDUY_freeONLY,6196d086f8a517a48b6cd8b9,qmof-5f3ad60,GUWDUY,
boydwoo_str_m7_o1_o4_bcu_sym_46,6196d064f8a517a48b6cd64d,qmof-c65a3b9,,https://doi.org/10.24435/materialscloud:2018.0016/v3
boydwoo_str_m7_o12_o22_bcu_sym_33,6196d05ef8a517a48b6cd5d7,qmof-5a1b96a,,https://doi.org/10.24435/materialscloud:2018.0016/v3
PITJAG_FSR,6196ccc9f8a517a48b6c946f,qmof-a2b803b,PITJAG,https://doi.org/10.1039/C8CE01925H
gmof_Zn4O13-BDC_A-irmof20_A_No87,6196d173a6be6ad33899f012,qmof-f85760f,,https://doi.org/10.1039/C9TA01752F
gmof_Zn4O13-BDC_A-irmof20_A_No538,6196d28bf8a517a48b6cfc4d,qmof-238a7a1,,https://doi.org/10.1039/C9TA01752F
boydwoo_str_m7_Zn_o8_o17_bcu_sym_56,6196d075f8a517a48b6cd791,qmof-713dd0f,,https://doi.org/10.24435/materialscloud:2018.0016/v3
gmof_Zn2O8N2-irmof20_A-irmof6_A_No310,6196d15bf8a517a48b6ce994,qmof-a1d9b6f,,https://doi.org/10.1039/C9TA01752F
SOHGUS_FSR,6196cde2f8a517a48b6ca7ed,qmof-222f47b,SOHGUS,https://doi.org/10.1002/zaac.200800158
boydwoo_str_m7_Zn_o25_o26_bcu_sym_131,6196d04af8a517a48b6cd47c,qmof-6f0a50e,,https://doi.org/10.24435/materialscloud:2018.0016/v3
core_HIGRIA_freeONLY,6196d09df8a517a48b6cda36,qmof-04bf78f,HIGRIA,
HEJCIL_FSR,6196c9eda6be6ad338996b8a,qmof-7375a78,HEJCIL,
POCQIJ_FSR,6196cce8f8a517a48b6c967d,qmof-00caa56,POCQIJ,
gmof_AlO6-irmof20_A_No5,6196d100a6be6ad33899e97c,qmof-ba8f2fc,,https://doi.org/10.1039/C9TA01752F
SEMWOZ_FSR,6196cdbea6be6ad33899b121,qmof-c51405e,SEMWOZ,https://doi.org/10.1107/S2053229617013444
MOF-5_cooh_2_1401_2,6196cb88a6be6ad338998722,qmof-b77b779,,https://doi.org/10.1021/jp401920y
gmof_Zn4O13-BDC_A-irmof20_A_No207,6196d163a6be6ad33899ef45,qmof-3fa90d2,,https://doi.org/10.1039/C9TA01752F
gmof_Al2O6-DPAC_B-irmof20_B_No342,6196d0e7a6be6ad33899e781,qmof-3ecaab7,,https://doi.org/10.1039/C9TA01752F
boydwoo_str_m7_Zn_o8_o17_bcu_sym_233,6196d074f8a517a48b6cd780,qmof-7588d50,,https://doi.org/10.24435/materialscloud:2018.0016/v3
FAHHUT_FSR,6196d1d3a6be6ad33899f40a,qmof-ee49b1f,FAHHUT,https://doi.org/10.1039/c1ce05810j
UVAROZ_FSR,6196ce51a6be6ad33899bbaa,qmof-2522081,UVAROZ,https://doi.org/10.1021/cg101731j
gmof_Al2O6-irmof20_B-irmof7_B_No136,6196d105f8a517a48b6ce20b,qmof-68b670c,,https://doi.org/10.1039/C9TA01752F
gmof_Al2O6-BDC_B-irmof7_B_No590,6196d0d7a6be6ad33899e63b,qmof-90ec5b5,,https://doi.org/10.1039/C9TA01752F
boydwoo_str_m7_Zn_o17_o26_bcu_sym_105,6196d04da6be6ad33899dea1,qmof-bc7d7a5,,https://doi.org/10.24435/materialscloud:2018.0016/v3
boydwoo_str_m5_Al_o13_o22_sra_sym_92,6196d026a6be6ad33899db9f,qmof-49d94c9,,https://doi.org/10.24435/materialscloud:2018.0016/v3
gmof_Zn4O13-irmof20_A-irmof6_A_No26,6196d19ba6be6ad33899f253,qmof-6df6052,,https://doi.org/10.1039/C9TA01752F
boydwoo_str_m5_Al_o13_o24_sra_sym_201,6196d027a6be6ad33899dbb4,qmof-bec91df,,https://doi.org/10.24435/materialscloud:2018.0016/v3
FAHJAB_FSR,6196d1d4a6be6ad33899f414,qmof-96a5399,FAHJAB,https://doi.org/10.1039/c1ce05810j
gmof_Uio66Zr-irmof20_A-irmof8_A_No122,6196d143a6be6ad33899ed1c,qmof-d088bbe,,https://doi.org/10.1039/C9TA01752F
gmof_Zn2O8-ADC_A-irmof20_A_No313,6196d147a6be6ad33899ed6f,qmof-de4940a,,https://doi.org/10.1039/C9TA01752F
gmof_Uio66Zr-BDC_A-irmof6_A_No371,6196d135f8a517a48b6ce6e7,qmof-3298011,,https://doi.org/10.1039/C9TA01752F
gmof_Uio66Zr-irmof20_A-irmof8_A_No120,6196d142a6be6ad33899ed08,qmof-95355e3,,https://doi.org/10.1039/C9TA01752F
boydwoo_str_m7_Zn_o17_o26_bcu_sym_40,6196d050a6be6ad33899dedf,qmof-96f5c8f,,https://doi.org/10.24435/materialscloud:2018.0016/v3
SIXWIH_FSR,6196cdd7a6be6ad33899b2f1,qmof-289df5f,SIXWIH,https://doi.org/10.1002/chem.201302541
boydwoo_str_m7_Zn_o20_o25_bcu_sym_245,6196d042f8a517a48b6cd3fa,qmof-e8efc9d,,https://doi.org/10.24435/materialscloud:2018.0016/v3
gmof_Uio66Zr-irmof20_A-irmof8_A_No182,6196d149a6be6ad33899ed88,qmof-9b8979a,,https://doi.org/10.1039/C9TA01752F
EGOYEF_FSR,6196d1f0f8a517a48b6cf1f9,qmof-b72c236,EGOYEF,https://doi.org/10.1016/j.jssc.2008.08.006
boydwoo_str_m7_Zn_o1_o12_bcu_sym_1,6196d05aa6be6ad33899df8b,qmof-cd9dd93,,https://doi.org/10.24435/materialscloud:2018.0016/v3
boydwoo_str_m7_Zn_o1_o4_bcu_sym_103,6196d05da6be6ad33899dfa9,qmof-0070c13,,https://doi.org/10.24435/materialscloud:2018.0016/v3
DUHPUT_FSR,6196c890f8a517a48b6c4ef2,qmof-228e322,DUHPUT,https://doi.org/10.1002/chem.201500310
KAJZIH_FSR,6196caa4a6be6ad3389977d1,qmof-d4b95e5,KAJZIH,https://doi.org/10.1039/C5RA23754H
boydwoo_str_m7_Zn_o19_o21_bcu_sym_127,6196d054a6be6ad33899df23,qmof-a382c1b,,https://doi.org/10.24435/materialscloud:2018.0016/v3
UHOTUH_FSR,6196ce3af8a517a48b6cae6b,qmof-7dd3a77,UHOTUH,https://doi.org/10.1039/b821011j
boydwoo_str_m7_Zn_o2_o13_bcu_sym_131,6196d04cf8a517a48b6cd4ae,qmof-c620f0b,,https://doi.org/10.24435/materialscloud:2018.0016/v3
gmof_Zn4O13-irmof20_A-irmof6_A_No39,6196d28ef8a517a48b6cfc7a,qmof-41c609e,,https://doi.org/10.1039/C9TA01752F
AYEQEC_FSR,6196c723f8a517a48b6c3720,qmof-bcad1ac,AYEQEC,https://doi.org/10.1107/S2056989016016686
boydwoo_str_m3_o8_o12_pcu_sym_122,6196d004a6be6ad33899d929,qmof-c860d38,,https://doi.org/10.24435/materialscloud:2018.0016/v3
boydwoo_str_m7_Zn_o1_o11_bcu_sym_97,6196d05aa6be6ad33899df86,qmof-f6132be,,https://doi.org/10.24435/materialscloud:2018.0016/v3
boydwoo_str_m7_Zn_o6_o25_bcu_sym_166,6196d06bf8a517a48b6cd6d1,qmof-9c045d9,,https://doi.org/10.24435/materialscloud:2018.0016/v3
gmof_AlO6-irmof20_A_No9,6196d101a6be6ad33899e990,qmof-2202f09,,https://doi.org/10.1039/C9TA01752F
tobacco_srsb_sym_3_on_2_sym_3_mc_0__,6196d1afa6be6ad33899f34a,qmof-0dce90f,,https://doi.org/10.1021/acs.cgd.7b00848
METMUT_FSR,6196cba6f8a517a48b6c855f,qmof-9f661a9,METMUT,https://doi.org/10.1039/b003733h
COFNOB_FSR,6196c7dca6be6ad338994bb3,qmof-0fbdbe2,COFNOB,https://doi.org/10.1016/j.poly.2008.05.008
FIRBOX02_FSR,6196c938f8a517a48b6c5b66,qmof-fbac6ec,FIRBOX02,
MOF-5_cooh_2_683_1,6196cba8a6be6ad33899896b,qmof-db7535d,,https://doi.org/10.1021/jp401920y
gmof_Zn4O13-irmof20_A-irmof6_A_No48,6196d28ff8a517a48b6cfc84,qmof-fd8693d,,https://doi.org/10.1039/C9TA01752F
boydwoo_str_m7_o9_o13_bcu_sym_80,6196d06ef8a517a48b6cd710,qmof-4f42788,,https://doi.org/10.24435/materialscloud:2018.0016/v3
GUHJOJ_FSR,6196c9bbf8a517a48b6c6379,qmof-084244e,GUHJOJ,https://doi.org/10.1016/j.molstruc.2009.06.002
gmof_Zn4O13-BDC_A-irmof20_A_No170,6196d15da6be6ad33899eee2,qmof-72aa3fa,,https://doi.org/10.1039/C9TA01752F
core_PUQHIT_SL,6196d0b3a6be6ad33899e3e2,qmof-b0d70e5,PUQHIT,
boydwoo_str_m7_Zn_o17_o26_bcu_sym_89,6196d053a6be6ad33899df06,qmof-bfc705c,,https://doi.org/10.24435/materialscloud:2018.0016/v3
gmof_Zn2O8N2-irmof14_A-irmof20_A_No208,6196d151f8a517a48b6ce8ea,qmof-2cf5504,,https://doi.org/10.1039/C9TA01752F
gmof_Zn2O8N2-irmof20_A-irmof8_A_No28,6196d15df8a517a48b6ce9bb,qmof-7d840cf,,https://doi.org/10.1039/C9TA01752F
boydwoo_str_m7_o11_o24_bcu_sym_33,6196d05df8a517a48b6cd5c8,qmof-02e17f1,,https://doi.org/10.24435/materialscloud:2018.0016/v3
gmof_Uio66Zr-BDC_A-irmof7_A_No306,6196d14bf8a517a48b6ce88c,qmof-ad36e2f,,https://doi.org/10.1039/C9TA01752F
boydwoo_str_m7_Zn_o20_o25_bcu_sym_133,6196d040f8a517a48b6cd3c8,qmof-cd994e3,,https://doi.org/10.24435/materialscloud:2018.0016/v3
BUTJEG_FSR,6196c7b6a6be6ad338994929,qmof-b37eb52,BUTJEG,https://doi.org/10.1080/00958972.2010.499146
ASOWOU_FSR,6196c735f8a517a48b6c385b,qmof-546dd2b,ASOWOU,https://doi.org/10.1107/S1600536804005082
boydwoo_str_m7_Zn_o25_o25_bcu_sym_35,6196d049f8a517a48b6cd469,qmof-db698b9,,https://doi.org/10.24435/materialscloud:2018.0016/v3
gmof_Zn4O13-BDC_A-irmof20_A_No58,6196d16aa6be6ad33899ef9a,qmof-6fabf2c,,https://doi.org/10.1039/C9TA01752F
boydwoo_str_m7_Zn_o2_o8_bcu_sym_125,6196d04ff8a517a48b6cd4d8,qmof-46868df,,https://doi.org/10.24435/materialscloud:2018.0016/v3
ZEKCEA_FSR,6196cf5af8a517a48b6cc555,qmof-39fec9e,ZEKCEA,https://doi.org/10.1021/acs.cgd.7b01101
gmof_AlO6-irmof20_A_No17,6196d0fea6be6ad33899e963,qmof-887c43e,,https://doi.org/10.1039/C9TA01752F
gmof_Zn4O13-irmof20_A-irmof6_A_No311,6196d28ef8a517a48b6cfc70,qmof-9c01d44,,https://doi.org/10.1039/C9TA01752F
boydwoo_str_m7_Zn_o20_o25_bcu_sym_176,6196d042f8a517a48b6cd3f1,qmof-1171565,,https://doi.org/10.24435/materialscloud:2018.0016/v3
QAKDAH_FSR,6196ccefa6be6ad33899a2ac,qmof-044adae,QAKDAH,https://doi.org/10.1039/b007335k
boydwoo_str_m3_o1_o17_pcu_sym_149,6196cfc8a6be6ad33899d4ca,qmof-b310fab,,https://doi.org/10.24435/materialscloud:2018.0016/v3
VAPROW_FSR,6196ce73f8a517a48b6cb322,qmof-af9803a,VAPROW,https://doi.org/10.1071/CH16372
tobacco_srsb_sym_3_mc_0_sym_3_on_0_L_2,6196d1a0a6be6ad33899f291,qmof-f2b7ece,,https://doi.org/10.1021/acs.cgd.7b00848
core_COJHIT_freeONLY,6196d079f8a517a48b6cd7d3,qmof-2d8d50c,COJHIT,
boydwoo_str_m7_Zn_o8_o25_bcu_sym_20,6196d248a6be6ad33899fbcb,qmof-20b49f0,,https://doi.org/10.24435/materialscloud:2018.0016/v3
LEQCOB_FSR,6196cb2df8a517a48b6c7ced,qmof-ccdbd1a,LEQCOB,
XOLZUT_FSR,6196cf2ca6be6ad33899c889,qmof-eab35b3,XOLZUT,https://doi.org/10.1006/jssc.2002.9584
gmof_Uio66Zr-irmof20_A-irmof8_A_No278,6196d14ca6be6ad33899edc7,qmof-bc01827,,https://doi.org/10.1039/C9TA01752F
gmof_Zn4O13-BDC_A-irmof20_A_No158,6196d15ca6be6ad33899eed9,qmof-e7c85fd,,https://doi.org/10.1039/C9TA01752F
IPINUS_FSR,6196ca35a6be6ad338997047,qmof-f3cb633,IPINUS,https://doi.org/10.1039/C6CE00151C
IKATIZ_FSR,6196ca14a6be6ad338996e2b,qmof-80e781b,IKATIZ,
FOXZAU_FSR,6196c93bf8a517a48b6c5b93,qmof-35f4c59,FOXZAU,https://doi.org/10.1016/S1002-0721(08)60151-9
gmof_Zn2O8N2-irmof12_A-irmof7_A_No1,6196d150f8a517a48b6ce8e2,qmof-16137ec,,https://doi.org/10.1039/C9TA01752F
tobacco_bor_sym_3_mc_0_sym_4_on_6_L_14,6196d18ea6be6ad33899f193,qmof-fe8a0d3,,https://doi.org/10.1021/acs.cgd.7b00848
WEWLOB_FSR,6196ceb1a6be6ad33899c187,qmof-6d2b4bc,WEWLOB,https://doi.org/10.1002/zaac.201200427
boydwoo_str_m7_Zn_o10_o22_bcu_sym_31,6196d038a6be6ad33899dd25,qmof-588da82,,https://doi.org/10.24435/materialscloud:2018.0016/v3
DUKXOY_FSR,6196c861a6be6ad3389954ea,qmof-f99af63,DUKXOY,https://doi.org/10.1021/acs.cgd.5b00083
gmof_AlO6-irmof20_A_No8,6196d101a6be6ad33899e98b,qmof-a1515af,,https://doi.org/10.1039/C9TA01752F
gmof_Zn4O13-BDC_A-irmof20_A_No530,6196d28af8a517a48b6cfc43,qmof-ff78bea,,https://doi.org/10.1039/C9TA01752F
boydwoo_str_m7_Zn_o4_o12_bcu_sym_46,6196d055f8a517a48b6cd53d,qmof-1c37c36,,https://doi.org/10.24435/materialscloud:2018.0016/v3
boydwoo_str_m7_Zn_o8_o25_bcu_sym_19,6196d247a6be6ad33899fbc3,qmof-0b65042,,https://doi.org/10.24435/materialscloud:2018.0016/v3
boydwoo_str_m7_Zn_o23_o25_bcu_sym_82,6196d046f8a517a48b6cd435,qmof-f2bb795,,https://doi.org/10.24435/materialscloud:2018.0016/v3
gmof_Uio66Zr-irmof20_A-irmof8_A_No166,6196d146a6be6ad33899ed58,qmof-18e2d2f,,https://doi.org/10.1039/C9TA01752F
boydwoo_str_m7_Zn_o11_o22_bcu_sym_88,6196d044a6be6ad33899de1a,qmof-72d9af1,,https://doi.org/10.24435/materialscloud:2018.0016/v3
boydwoo_str_m3_o2_o10_pcu_sym_9,6196cfdda6be6ad33899d640,qmof-43ea48b,,https://doi.org/10.24435/materialscloud:2018.0016/v3
SETCUQ_FSR,6196cdcca6be6ad33899b232,qmof-72d2bdc,SETCUQ,https://doi.org/10.1107/S160053680605029X
COMZAH_FSR,6196c7faa6be6ad338994dd3,qmof-d028d70,COMZAH,https://doi.org/10.1016/j.jssc.2013.01.004
gmof_Uio66Zr-irmof20_A-irmof8_A_No10,6196d140a6be6ad33899ecea,qmof-6a02a00,,https://doi.org/10.1039/C9TA01752F
gmof_AlO6-irmof20_A_No4,6196d0ffa6be6ad33899e977,qmof-b2e3944,,https://doi.org/10.1039/C9TA01752F
tobacco_bor_sym_3_mc_0_sym_4_on_6_L_2,6196d190a6be6ad33899f1b1,qmof-d8e9e49,,https://doi.org/10.1021/acs.cgd.7b00848
VEXPAS_FSR,6196d24ea6be6ad33899fc1c,qmof-c4cc8a9,VEXPAS,https://doi.org/10.1021/jacs.8b02638
IPINEC_FSR,6196ca33a6be6ad338997034,qmof-b6d938a,IPINEC,https://doi.org/10.1039/C6CE00151C
JUZGOC_FSR,6196ca94a6be6ad3389976ba,qmof-53839d7,JUZGOC,https://doi.org/10.1039/C5NJ02193F
UGEMUQ_FSR,6196ce40a6be6ad33899baa0,qmof-c376a8c,UGEMUQ,https://doi.org/10.1016/j.poly.2015.04.012
LUNGEJ01_FSR,6196cb5ef8a517a48b6c8048,qmof-ea1ff12,LUNGEJ01,
POKFOL_FSR,6196ccd5f8a517a48b6c9536,qmof-b6cf5f9,POKFOL,https://doi.org/10.1021/cg8000398
boydwoo_str_m1_o9_o24_pcu_sym_87,6196cfa2a6be6ad33899d110,qmof-14b2d9e,,https://doi.org/10.24435/materialscloud:2018.0016/v3
core_VAHQAY_freeONLY,6196d0d5f8a517a48b6cddc7,qmof-ec24f88,VAHQAY,
boydwoo_str_m7_Zn_o12_o24_bcu_sym_38,6196d049a6be6ad33899de60,qmof-ee3dca8,,https://doi.org/10.24435/materialscloud:2018.0016/v3
gmof_AlO6-irmof20_A_No13,6196d0fda6be6ad33899e94f,qmof-b589eac,,https://doi.org/10.1039/C9TA01752F
VEPJAD_FSR,6196ce8ff8a517a48b6cb549,qmof-6c14b7d,VEPJAD,https://doi.org/10.1021/ic301261g
TAYJAH_FSR,6196ce0ea6be6ad33899b709,qmof-d740c56,TAYJAH,https://doi.org/10.1071/CH16586
boydwoo_str_m7_Zn_o8_o17_bcu_sym_72,6196d23fa6be6ad33899fb35,qmof-139da7b,,https://doi.org/10.24435/materialscloud:2018.0016/v3
boydwoo_str_m7_Zn_o4_o13_bcu_sym_100,6196d056f8a517a48b6cd544,qmof-d5e77c0,,https://doi.org/10.24435/materialscloud:2018.0016/v3
boydwoo_str_m7_Zn_o1_o4_bcu_sym_131,6196d05ea6be6ad33899dfb3,qmof-0142f6b,,https://doi.org/10.24435/materialscloud:2018.0016/v3
TIFMOK01_FSR,6196ce00f8a517a48b6caa23,qmof-801fb35,TIFMOK01,
NABNOU_FSR,6196d207a6be6ad33899f783,qmof-a8920a9,NABNOU,https://doi.org/10.1021/ic049523o
gmof_Al2O6-BDC_B-irmof20_B_No236,6196d0f2f8a517a48b6ce035,qmof-1356ddc,,https://doi.org/10.1039/C9TA01752F
TEWVUP_FSR,6196ce0bf8a517a48b6caaf6,qmof-38f04c2,TEWVUP,https://doi.org/10.1016/j.micromeso.2018.03.020
PIHJOH03_FSR,6196cccaa6be6ad33899a013,qmof-9e620c1,PIHJOH03,https://doi.org/10.1038/ncomms3534
RAFXUS_FSR,6196cd59a6be6ad33899aa18,qmof-22ff445,RAFXUS,
UVINIX_FSR,6196ce53a6be6ad33899bbc8,qmof-d950595,UVINIX,https://doi.org/10.1021/cg1012439
core_IGOJEV_freeONLY,6196d2b7a6be6ad33899ff57,qmof-a1e8177,IGOJEV,
QAHKUH_FSR,6196cceba6be6ad33899a25a,qmof-8bec27b,QAHKUH,https://doi.org/10.1107/S1600536810049457
boydwoo_str_m7_Zn_o1_o4_bcu_sym_113,6196d05ea6be6ad33899dfae,qmof-1ad2593,,https://doi.org/10.24435/materialscloud:2018.0016/v3
MIRWIU_FSR,6196cb8ea6be6ad33899878c,qmof-646df48,MIRWIU,https://doi.org/10.1107/S1600536807062794
IPIPII_FSR,6196ca36a6be6ad33899705f,qmof-13dcf5f,IPIPII,https://doi.org/10.1039/C6CE00151C
BUTJIK01_FSR,6196c7b6a6be6ad338994932,qmof-6beca2a,BUTJIK01,https://doi.org/10.1016/j.jssc.2013.11.010
boydwoo_str_m7_Zn_o10_o24_bcu_sym_94,6196d03aa6be6ad33899dd54,qmof-87acc07,,https://doi.org/10.24435/materialscloud:2018.0016/v3
gmof_Zn4O13-BDC_A-irmof20_A_No206,6196d163a6be6ad33899ef3b,qmof-e1c5e01,,https://doi.org/10.1039/C9TA01752F
boydwoo_str_m7_Zn_o25_o25_bcu_sym_151,6196d047f8a517a48b6cd454,qmof-cafa193,,https://doi.org/10.24435/materialscloud:2018.0016/v3
boydwoo_str_m7_Zn_o6_o25_bcu_sym_13,6196d06af8a517a48b6cd6c1,qmof-0c3a6da,,https://doi.org/10.24435/materialscloud:2018.0016/v3
QUQBEL_FSR,6196cd50f8a517a48b6c9de5,qmof-66acad7,QUQBEL,https://doi.org/10.1038/nature15732
boydwoo_str_m7_Zn_o11_o11_bcu_sym_52,6196d03ba6be6ad33899dd71,qmof-15b209e,,https://doi.org/10.24435/materialscloud:2018.0016/v3
boydwoo_str_m7_Zn_o4_o10_bcu_sym_86,6196d054f8a517a48b6cd52e,qmof-7fccc1f,,https://doi.org/10.24435/materialscloud:2018.0016/v3
core_FUQJUX_freeONLY,6196d081a6be6ad33899e139,qmof-d2f5497,FUQJUX,
boydwoo_str_m7_Zn_o11_o22_bcu_sym_100,6196d040a6be6ad33899ddcb,qmof-c318faf,,https://doi.org/10.24435/materialscloud:2018.0016/v3
boydwoo_str_m7_Zn_o20_o25_bcu_sym_69,6196d045f8a517a48b6cd421,qmof-563bfea,,https://doi.org/10.24435/materialscloud:2018.0016/v3
SUNDIP_FSR,6196cdefa6be6ad33899b4b9,qmof-73a2a48,SUNDIP,https://doi.org/10.1002/zaac.200900096
boydwoo_str_m7_o4_o10_bcu_sym_32,6196d068f8a517a48b6cd69c,qmof-5c1b397,,https://doi.org/10.24435/materialscloud:2018.0016/v3
core_XAXQEU_SL,6196d0cda6be6ad33899e575,qmof-897e923,XAXQEU,
boydwoo_str_m7_Zn_o25_o25_bcu_sym_12,6196d047f8a517a48b6cd449,qmof-fffeb7b,,https://doi.org/10.24435/materialscloud:2018.0016/v3
BUPGID_FSR,6196c79da6be6ad33899474b,qmof-2b54738,BUPGID,https://doi.org/10.1039/b911380k
VEPJEH_FSR,6196ce8ff8a517a48b6cb554,qmof-867e31b,VEPJEH,https://doi.org/10.1021/ic301261g
boydwoo_str_m7_Zn_o1_o9_bcu_sym_164,6196d05fa6be6ad33899dfc2,qmof-55d1b21,,https://doi.org/10.24435/materialscloud:2018.0016/v3
gmof_Uio66Zr-irmof20_A-imdb_No6,6196d13fa6be6ad33899ecdf,qmof-32df618,,https://doi.org/10.1039/C9TA01752F
core_QOQWOK01_freeONLY,6196d0c2a6be6ad33899e4c8,qmof-9e2ec4d,QOQWOK01,
DUKYAL_FSR,6196c862a6be6ad3389954fb,qmof-e7ff28b,DUKYAL,https://doi.org/10.1021/acs.cgd.5b00083
HAKWUM_FSR,6196c99cf8a517a48b6c6155,qmof-61450a6,HAKWUM,https://doi.org/10.1021/cm049607v
JEXPEI_FSR,6196ca76a6be6ad338997498,qmof-fbac185,JEXPEI,https://doi.org/10.1021/ic0618302
OGAGAH_FSR,6196d222a6be6ad33899f968,qmof-8cf4e29,OGAGAH,https://doi.org/10.1039/C8CE01233D
BUSBAT_FSR,6196c7a8a6be6ad33899481d,qmof-7ce0736,BUSBAT,https://doi.org/10.1039/b910641c
boydwoo_str_m7_Zn_o20_o25_bcu_sym_41,6196d043f8a517a48b6cd403,qmof-f856f2c,,https://doi.org/10.24435/materialscloud:2018.0016/v3
JECFED_FSR,6196ca86f8a517a48b6c71a4,qmof-3179146,JECFED,https://doi.org/10.1039/b512843a
gmof_Zn4O13-BDC_A-irmof20_A_No448,6196d185a6be6ad33899f11c,qmof-b344319,,https://doi.org/10.1039/C9TA01752F
boydwoo_str_m7_Zn_o4_o22_bcu_sym_64,6196d05bf8a517a48b6cd5a4,qmof-f784df1,,https://doi.org/10.24435/materialscloud:2018.0016/v3
gmof_Uio66Zr-irmof20_A-irmof8_A_No121,6196d142a6be6ad33899ed12,qmof-44fa197,,https://doi.org/10.1039/C9TA01752F
gmof_Zn4O13-BDC_A-irmof20_A_No136,6196d15ca6be6ad33899eecf,qmof-09da183,,https://doi.org/10.1039/C9TA01752F
DUKYOZ_FSR,6196c864a6be6ad338995518,qmof-9286298,DUKYOZ,https://doi.org/10.1021/acs.cgd.5b00083
boydwoo_str_m4_Al_o20_o25_acs_sym_277,6196d002f8a517a48b6ccfeb,qmof-98f664f,,https://doi.org/10.24435/materialscloud:2018.0016/v3
tobacco_bor_sym_3_mc_0_sym_4_on_7_L_14,6196d194a6be6ad33899f1ef,qmof-34626db,,https://doi.org/10.1021/acs.cgd.7b00848
tobacco_bor_sym_3_mc_0_sym_4_on_7_L_2,6196d195a6be6ad33899f203,qmof-afb86c2,,https://doi.org/10.1021/acs.cgd.7b00848
MOLCEW_FSR,6196cbcaa6be6ad338998c0b,qmof-a9d0bad,MOLCEW,https://doi.org/10.1107/S0108270108041541
NIGRIH_FSR,6196d228a6be6ad33899f9d1,qmof-855bf9c,NIGRIH,https://doi.org/10.1016/j.ica.2018.04.045
gmof_Zn2O8N2-irmof20_A-irmof6_A_No97,6196d15cf8a517a48b6ce99d,qmof-7ee5c89,,https://doi.org/10.1039/C9TA01752F
boydwoo_str_m3_o40_o41_fof_sym_106,6196cfe1a6be6ad33899d695,qmof-878fcc2,,https://doi.org/10.24435/materialscloud:2018.0016/v3
core_LIJNOJ01_freeONLY,6196d277f8a517a48b6cfb21,qmof-38e0c3c,LIJNOJ01,
boydwoo_str_m3_o4_o25_pcu_sym_101,6196d004a6be6ad33899d91b,qmof-e4b26b1,,https://doi.org/10.24435/materialscloud:2018.0016/v3
boydwoo_str_m7_Zn_o1_o4_bcu_sym_76,6196d05ea6be6ad33899dfb8,qmof-c3ad823,,https://doi.org/10.24435/materialscloud:2018.0016/v3
DEQVEB_FSR,6196c835a6be6ad3389951df,qmof-faed9c6,DEQVEB,https://doi.org/10.1002/ejic.200600198
gmof_Zn4O13-irmof20_A-irmof6_A_No57,6196d290f8a517a48b6cfc8e,qmof-d11fc4e,,https://doi.org/10.1039/C9TA01752F
core_RUWZUG_freeONLY,6196d0b5f8a517a48b6cdba4,qmof-f7d0925,RUWZUG,
gmof_Zn4O13-irmof20_A-irmof6_A_No41,6196d28ff8a517a48b6cfc7f,qmof-80bae2a,,https://doi.org/10.1039/C9TA01752F
boydwoo_str_m7_Zn_o4_o10_bcu_sym_92,6196d054f8a517a48b6cd533,qmof-9fd50d5,,https://doi.org/10.24435/materialscloud:2018.0016/v3
boydwoo_str_m7_Zn_o4_o22_bcu_sym_18,6196d059f8a517a48b6cd580,qmof-775264c,,https://doi.org/10.24435/materialscloud:2018.0016/v3
IXIROY_FSR,6196ca33a6be6ad33899702f,qmof-ac1dbd3,IXIROY,https://doi.org/10.1021/acs.cgd.6b01056
QIVZEC_FSR,6196cd34a6be6ad33899a76c,qmof-3de6142,QIVZEC,https://doi.org/10.1039/C3CE42454E
DUWJAI_FSR,6196c87ea6be6ad338995688,qmof-a956203,DUWJAI,https://doi.org/10.1016/j.jssc.2015.11.025
core_CUYWUP_freeONLY,6196d089f8a517a48b6cd8fe,qmof-e7b2d45,CUYWUP,
PAHXIG_FSR,6196cc94f8a517a48b6c90de,qmof-eea62f6,PAHXIG,https://doi.org/10.1107/S0108270104021481
core_TAYNEN_freeONLY,6196d0c6f8a517a48b6cdcb3,qmof-8921493,TAYNEN,
boydwoo_str_m7_o19_o21_bcu_sym_84,6196d060f8a517a48b6cd605,qmof-ca60fff,,https://doi.org/10.24435/materialscloud:2018.0016/v3
SODXEQ_FSR,6196cddef8a517a48b6ca7bb,qmof-7322852,SODXEQ,https://doi.org/10.1021/cg401692e
JOBGIS_FSR,6196ca6ef8a517a48b6c6ff4,qmof-b41d70b,JOBGIS,https://doi.org/10.1021/ic401949e
core_PUQHEP_freeONLY,6196d0b3a6be6ad33899e3d9,qmof-5cb1239,PUQHEP,
boydwoo_str_m7_o9_o22_bcu_sym_226,6196d06ff8a517a48b6cd721,qmof-1eee5dc,,https://doi.org/10.24435/materialscloud:2018.0016/v3
ANEQUH_FSR,6196c70ea6be6ad338993c7d,qmof-d5014d8,ANEQUH,
boydwoo_str_m7_Zn_o6_o20_bcu_sym_39,6196d065f8a517a48b6cd66c,qmof-9118ee0,,https://doi.org/10.24435/materialscloud:2018.0016/v3
boydwoo_str_m7_Zn_o1_o11_bcu_sym_16,6196d058a6be6ad33899df69,qmof-7c78d8b,,https://doi.org/10.24435/materialscloud:2018.0016/v3
MOF-5_cooh_2_1861_1,6196cb8ea6be6ad338998799,qmof-6876edb,,https://doi.org/10.1021/jp401920y
gmof_CuN4-SiF6-ADC_No1,6196d12cf8a517a48b6ce63d,qmof-bd5b750,,https://doi.org/10.1039/C9TA01752F
core_REHVAD_freeONLY,6196d280f8a517a48b6cfba3,qmof-6807fed,REHVAD,
gmof_Al2O6-irmof16_B-irmof20_B_No367,6196d0fef8a517a48b6ce15d,qmof-27baed2,,https://doi.org/10.1039/C9TA01752F
FOXYOH_FSR,6196c93af8a517a48b6c5b77,qmof-de5b030,FOXYOH,https://doi.org/10.1016/S1002-0721(08)60151-9
boydwoo_str_m7_Zn_o20_o23_bcu_sym_50,6196d23da6be6ad33899fb25,qmof-b28980a,,https://doi.org/10.24435/materialscloud:2018.0016/v3
gmof_Zn4O13-BDC_A-irmof20_A_No296,6196d174a6be6ad33899f023,qmof-3751e61,,https://doi.org/10.1039/C9TA01752F
gmof_Al2O6-irmof16_B-irmof20_B_No90,6196d0fff8a517a48b6ce16b,qmof-a5fc466,,https://doi.org/10.1039/C9TA01752F
gmof_Zn4O13-irmof20_A-irmof6_A_No327,6196d28ef8a517a48b6cfc75,qmof-0359d3a,,https://doi.org/10.1039/C9TA01752F
gmof_Al2O6-ADC_B-irmof20_B_No146,6196d0f4a6be6ad33899e8b0,qmof-cda9fd1,,https://doi.org/10.1039/C9TA01752F
IBIVOF_FSR,6196ca06a6be6ad338996d32,qmof-fa87b9a,IBIVOF,https://doi.org/10.1002/anie.200460278
gmof_Zn4O13-BDC_A-irmof20_A_No506,6196d288f8a517a48b6cfc2a,qmof-76e034b,,https://doi.org/10.1039/C9TA01752F
gmof_Al2O6-ADC_B-irmof20_B_No336,6196d0f5a6be6ad33899e8ba,qmof-9642661,,https://doi.org/10.1039/C9TA01752F
gmof_ZnN4-SiF6-DPAC_No1,6196d16df8a517a48b6cead8,qmof-c07a718,,https://doi.org/10.1039/C9TA01752F
gmof_ZnN4-SiF6-irmof20_No2,6196d174f8a517a48b6ceb64,qmof-dd62091,,https://doi.org/10.1039/C9TA01752F
core_PIHNUQ_freeONLY,6196d0aca6be6ad33899e36c,qmof-38516c4,PIHNUQ,
gmof_AlO6-irmof20_A_No7,6196d100a6be6ad33899e986,qmof-0116630,,https://doi.org/10.1039/C9TA01752F
gmof_Uio66Zr-irmof20_A-irmof8_A_No190,6196d149a6be6ad33899ed92,qmof-3ce4a78,,https://doi.org/10.1039/C9TA01752F
LAWRUY_FSR,6196cb24f8a517a48b6c7c46,qmof-4c5a21f,LAWRUY,
LATRAC_FSR,6196cb16f8a517a48b6c7b57,qmof-a9f6b42,LATRAC,https://doi.org/10.1039/C7CE00156H
boydwoo_str_m7_Zn_o8_o17_bcu_sym_119,6196d071f8a517a48b6cd746,qmof-1b3859b,,https://doi.org/10.24435/materialscloud:2018.0016/v3
boydwoo_str_m7_Zn_o25_o26_bcu_sym_150,6196d04af8a517a48b6cd486,qmof-ff04ba3,,https://doi.org/10.24435/materialscloud:2018.0016/v3
YAMXOC_FSR,6196cf37f8a517a48b6cc29f,qmof-06caa98,YAMXOC,
DOHQIB_FSR,6196c853f8a517a48b6c4a7e,qmof-5c9a8d6,DOHQIB,https://doi.org/10.1016/j.poly.2008.07.006
boydwoo_str_m7_Zn_o17_o26_bcu_sym_65,6196d051a6be6ad33899def2,qmof-5aeab06,,https://doi.org/10.24435/materialscloud:2018.0016/v3
gmof_Zn4O13-BDC_A-irmof20_A_No242,6196d16ba6be6ad33899efaa,qmof-07562e7,,https://doi.org/10.1039/C9TA01752F
gmof_AlO6-irmof20_A_No2,6196d0ffa6be6ad33899e96d,qmof-73beffd,,https://doi.org/10.1039/C9TA01752F
tobacco_srsb_sym_3_mc_0_sym_3_on_4__,6196d1a6a6be6ad33899f2dc,qmof-83d701d,,https://doi.org/10.1021/acs.cgd.7b00848
LATQUV_FSR,6196cb16f8a517a48b6c7b4d,qmof-3d621ad,LATQUV,https://doi.org/10.1039/C7CE00156H
boydwoo_str_m7_Zn_o8_o23_bcu_sym_126,6196d240a6be6ad33899fb49,qmof-090a52a,,https://doi.org/10.24435/materialscloud:2018.0016/v3
boydwoo_str_m7_Zn_o8_o17_bcu_sym_228,6196d073f8a517a48b6cd772,qmof-178fc48,,https://doi.org/10.24435/materialscloud:2018.0016/v3
OZOPEA_FSR,6196cc85f8a517a48b6c901e,qmof-cccbac5,OZOPEA,https://doi.org/10.1016/j.inoche.2016.10.013
MEFSEY_FSR,6196cb7da6be6ad338998685,qmof-ce1173f,MEFSEY,https://doi.org/10.1016/j.ica.2017.08.055
boydwoo_str_m7_Zn_o8_o23_bcu_sym_69,6196d244a6be6ad33899fb93,qmof-f85e53b,,https://doi.org/10.24435/materialscloud:2018.0016/v3
boydwoo_str_m7_Zn_o17_o26_bcu_sym_92,6196d053a6be6ad33899df10,qmof-361ef97,,https://doi.org/10.24435/materialscloud:2018.0016/v3
core_ZILBAZ_freeONLY,6196d0e5a6be6ad33899e74e,qmof-eed9b73,ZILBAZ,
AHEMOQ_FSR,6196c6fca6be6ad338993b0c,qmof-3b862db,AHEMOQ,https://doi.org/10.1021/cg8014157
gmof_Uio66Zr-irmof20_A-irmof8_A_No310,6196d14fa6be6ad33899edf7,qmof-a33f06a,,https://doi.org/10.1039/C9TA01752F
HEBJAB_FSR,6196c9d1a6be6ad338996977,qmof-2b58edc,HEBJAB,https://doi.org/10.1021/cg300829c
gmof_Uio66Zr-irmof20_A-imdb_No3,6196d13ea6be6ad33899ecd6,qmof-646c173,,https://doi.org/10.1039/C9TA01752F
boydwoo_str_m7_Zn_o4_o13_bcu_sym_117,6196d057f8a517a48b6cd54f,qmof-77b300a,,https://doi.org/10.24435/materialscloud:2018.0016/v3
ETESIG_FSR,6196c8d5f8a517a48b6c537d,qmof-e8ca785,ETESIG,https://doi.org/10.1039/c1ce05287j
boydwoo_str_m7_Zn_o6_o25_bcu_sym_124,6196d069f8a517a48b6cd6b2,qmof-e9f86fc,,https://doi.org/10.24435/materialscloud:2018.0016/v3
QUHPUF_FSR,6196cd51f8a517a48b6c9df4,qmof-8c9e787,QUHPUF,https://doi.org/10.1016/j.ica.2009.10.001
boydwoo_str_m7_Zn_o20_o25_bcu_sym_51,6196d044f8a517a48b6cd418,qmof-16937aa,,https://doi.org/10.24435/materialscloud:2018.0016/v3
DUKYEP_FSR,6196c862a6be6ad338995503,qmof-fe778dc,DUKYEP,https://doi.org/10.1021/acs.cgd.5b00083
gmof_Zn4O13-irmof20_A-irmof6_A_No175,6196d196a6be6ad33899f210,qmof-269e2b1,,https://doi.org/10.1039/C9TA01752F
boydwoo_str_m7_Zn_o17_o26_bcu_sym_117,6196d04ea6be6ad33899deb6,qmof-c97a367,,https://doi.org/10.24435/materialscloud:2018.0016/v3
WIHPUA_FSR,6196cecaa6be6ad33899c345,qmof-d4eba6e,WIHPUA,https://doi.org/10.1016/j.jssc.2013.03.053
boydwoo_str_m7_Zn_o10_o22_bcu_sym_134,6196d037a6be6ad33899dd17,qmof-bb8d268,,https://doi.org/10.24435/materialscloud:2018.0016/v3
boydwoo_str_m7_Zn_o17_o26_bcu_sym_182,6196d04fa6be6ad33899dec0,qmof-36d73a2,,https://doi.org/10.24435/materialscloud:2018.0016/v3
tobacco_bor_sym_3_mc_0_sym_4_on_8_L_2,6196d19ba6be6ad33899f24c,qmof-17db927,,https://doi.org/10.1021/acs.cgd.7b00848
gmof_Zn4O13-BDC_A-irmof20_A_No278,6196d171a6be6ad33899efef,qmof-a3fad3b,,https://doi.org/10.1039/C9TA01752F
boydwoo_str_m7_Zn_o4_o4_bcu_sym_62,6196d05df8a517a48b6cd5d2,qmof-396346d,,https://doi.org/10.24435/materialscloud:2018.0016/v3
LELMIZ_FSR,6196cb1ff8a517a48b6c7bfe,qmof-223769d,LELMIZ,https://doi.org/10.1002/ejic.200600189
HADMOR_FSR,6196c9bea6be6ad338996840,qmof-3404b3b,HADMOR,https://doi.org/10.1021/jacs.6b09155
NIXPOC_FSR,6196cc19a6be6ad3389992a6,qmof-172319f,NIXPOC,https://doi.org/10.14102/j.cnki.0254-5861.2011-2049
boydwoo_str_m7_Zn_o2_o13_bcu_sym_197,6196d04ef8a517a48b6cd4c3,qmof-df6a8cc,,https://doi.org/10.24435/materialscloud:2018.0016/v3
tobacco_bor_sym_3_mc_0_sym_4_on_14_L_20,6196d1b7f8a517a48b6cef46,qmof-a20d3c9,,https://doi.org/10.1021/acs.cgd.7b00848
boydwoo_str_m7_Zn_o17_o26_bcu_sym_1,6196d04ca6be6ad33899de97,qmof-8977f91,,https://doi.org/10.24435/materialscloud:2018.0016/v3
LISDAT_FSR,6196cb17a6be6ad338997f85,qmof-25be31d,LISDAT,https://doi.org/10.1021/cg070301l
XANBOE_FSR,6196cee5f8a517a48b6cbb98,qmof-d4b9a86,XANBOE,https://doi.org/10.1016/j.jssc.2005.02.004
JOMVIQ_FSR,6196ca95f8a517a48b6c72b6,qmof-e4693f8,JOMVIQ,https://doi.org/10.1021/ja983415h
gmof_Al2O6-ADC_B-irmof20_B_No5,6196d0f5a6be6ad33899e8c4,qmof-be7f13b,,https://doi.org/10.1039/C9TA01752F
gmof_Al2O6-AZO_B-irmof20_B_No10,6196d0d7f8a517a48b6cddea,qmof-531a5b8,,https://doi.org/10.1039/C9TA01752F
boydwoo_str_m3_o14_o25_pcu_sym_89,6196cfadf8a517a48b6cca02,qmof-2446a3a,,https://doi.org/10.24435/materialscloud:2018.0016/v3
AMOYIL_FSR,6196c718a6be6ad338993dc5,qmof-7b26ade,AMOYIL,https://doi.org/10.1039/c0ce00575d
gmof_Zn4O13-irmof20_A-irmof6_A_No49,6196d28ff8a517a48b6cfc89,qmof-e8fb7a2,,https://doi.org/10.1039/C9TA01752F
YIFKAC_FSR,6196d256f8a517a48b6cf8df,qmof-78fa3cf,YIFKAC,https://doi.org/10.1039/C8DT01276H
boydwoo_str_m7_Zn_o8_o23_bcu_sym_68,6196d243a6be6ad33899fb86,qmof-cce2aa3,,https://doi.org/10.24435/materialscloud:2018.0016/v3
gmof_Zn2O8-irmof20_A-pcn6_B_No7,6196d150a6be6ad33899ee13,qmof-1040c8c,,https://doi.org/10.1039/C9TA01752F
core_VEBHUG_SL,6196d0d6f8a517a48b6cdddc,qmof-da6fcce,VEBHUG,
GIYHON_FSR,6196c98ca6be6ad3389964c7,qmof-3ab9cbf,GIYHON,https://doi.org/10.1016/j.jssc.2013.11.010
boydwoo_str_m7_o1_o10_bcu_sym_181,6196d060f8a517a48b6cd613,qmof-14fcdee,,https://doi.org/10.24435/materialscloud:2018.0016/v3
RANPAA_FSR,6196cd40a6be6ad33899a828,qmof-08ff76f,RANPAA,https://doi.org/10.1039/C6TA10152F
tobacco_srsb_sym_3_mc_0_sym_3_on_2_L_3,6196d1a6a6be6ad33899f2d2,qmof-e27ef5d,,https://doi.org/10.1021/acs.cgd.7b00848
boydwoo_str_m7_Zn_o20_o25_bcu_sym_48,6196d044f8a517a48b6cd40d,qmof-b089614,,https://doi.org/10.24435/materialscloud:2018.0016/v3
boydwoo_str_m7_Zn_o1_o22_bcu_sym_133,6196d05ca6be6ad33899df9a,qmof-85e66be,,https://doi.org/10.24435/materialscloud:2018.0016/v3
gmof_Uio66Zr-irmof20_A-imd_No1,6196d13ea6be6ad33899eccb,qmof-3daccc9,,https://doi.org/10.1039/C9TA01752F
NIXSOE_FSR,6196cc1fa6be6ad33899931c,qmof-6068c8d,NIXSOE,https://doi.org/10.1039/C3CC49749F
QUPZIM02_FSR,6196cd4ef8a517a48b6c9dc6,qmof-b1cbe7a,QUPZIM02,https://doi.org/10.1038/nature15732
QIPPUD_FSR,6196cd17a6be6ad33899a572,qmof-5791351,QIPPUD,https://doi.org/10.1039/C8TC04483J
DUKXUE_FSR,6196c862a6be6ad3389954f4,qmof-8491eff,DUKXUE,https://doi.org/10.1021/acs.cgd.5b00083
QUJFUX_FSR,6196cd53f8a517a48b6c9e1e,qmof-f8b10e5,QUJFUX,https://doi.org/10.1039/b909772d
boydwoo_str_m7_Zn_o4_o13_bcu_sym_172,6196d058f8a517a48b6cd561,qmof-22d9aa0,,https://doi.org/10.24435/materialscloud:2018.0016/v3
gmof_AlO6-irmof20_A_No6,6196d100a6be6ad33899e981,qmof-acc6761,,https://doi.org/10.1039/C9TA01752F
KOQJEH_FSR,6196cae6a6be6ad338997c46,qmof-bbcf6c2,KOQJEH,https://doi.org/10.1016/j.ica.2014.09.029
WIYXUZ_FSR,6196cecca6be6ad33899c368,qmof-675f95d,WIYXUZ,https://doi.org/10.1016/j.ica.2013.12.027
tobacco_srsb_sym_3_mc_0_sym_3_mc_0_L_3,6196d19ea6be6ad33899f278,qmof-ad473d2,,https://doi.org/10.1021/acs.cgd.7b00848
tobacco_SR_scu_v1-8c_Hf_1_Ch_v2-4c_B_Ch_1B_4CN_Ch_2x2x2,6196d19af8a517a48b6ceddf,qmof-f275516,,https://doi.org/10.17605/OSF.IO/7DGVY
UJOBUS_FSR,6196ce45f8a517a48b6caf3f,qmof-f2ed1a3,UJOBUS,https://doi.org/10.1080/15533174.2015.1004444
METMON_FSR,6196cba6f8a517a48b6c8555,qmof-bad11d5,METMON,https://doi.org/10.1039/b003733h
FELRAR_FSR,6196d1eea6be6ad33899f5df,qmof-21a0d3f,FELRAR,https://doi.org/10.1016/j.ica.2012.07.031
boydwoo_str_m7_Zn_o20_o23_bcu_sym_203,6196d23ca6be6ad33899fb08,qmof-e91143e,,https://doi.org/10.24435/materialscloud:2018.0016/v3
gmof_Al2O6-AZO_B-irmof20_B_No65,6196d0dbf8a517a48b6cde2f,qmof-7bd804d,,https://doi.org/10.1039/C9TA01752F
boydwoo_str_m7_Zn_o8_o25_bcu_sym_81,6196d058f8a517a48b6cd570,qmof-57e829d,,https://doi.org/10.24435/materialscloud:2018.0016/v3
QUHQEQ_FSR,6196cd51f8a517a48b6c9dfe,qmof-a17a1a7,QUHQEQ,https://doi.org/10.1016/j.ica.2009.10.001
gmof_Al2O6-AZO_B-irmof20_B_No197,6196d0d8f8a517a48b6cddfe,qmof-120421d,,https://doi.org/10.1039/C9TA01752F
MOF-5_cooh_2_1314_1,6196cb87a6be6ad33899870e,qmof-ffe6994,,https://doi.org/10.1021/jp401920y
tobacco_srsb_sym_3_mc_0_sym_3_on_2__,6196d1a6a6be6ad33899f2d7,qmof-9470209,,https://doi.org/10.1021/acs.cgd.7b00848
IXUREZ_FSR,6196ca3ba6be6ad3389970ba,qmof-dea5ac6,IXUREZ,https://doi.org/10.1039/c1dt10682a
tobacco_srsb_sym_3_mc_0_sym_3_on_2_L_2,6196d1a5a6be6ad33899f2cd,qmof-4a41a68,,https://doi.org/10.1021/acs.cgd.7b00848
boydwoo_str_m7_o11_o11_bcu_sym_110,6196d05af8a517a48b6cd58f,qmof-a46c6f8,,https://doi.org/10.24435/materialscloud:2018.0016/v3
boydwoo_str_m7_Zn_o4_o4_bcu_sym_1,6196d05df8a517a48b6cd5c3,qmof-15d20be,,https://doi.org/10.24435/materialscloud:2018.0016/v3
OVIDED_FSR,6196cc60a6be6ad338999886,qmof-cd01b25,OVIDED,https://doi.org/10.1021/cg101433t
COQPAZ_FSR,6196c7edf8a517a48b6c43f3,qmof-9d51105,COQPAZ,https://doi.org/10.1016/S1387-7003(98)00073-2
boydwoo_str_m3_o16_o22_pcu_sym_34,6196cfb3f8a517a48b6cca57,qmof-63714ea,,https://doi.org/10.24435/materialscloud:2018.0016/v3
PAZXOD_FSR,6196ccb2f8a517a48b6c92dc,qmof-1b4e871,PAZXOD,https://doi.org/10.1039/a708477c
gmof_AlO6-irmof20_A_No3,6196d0ffa6be6ad33899e972,qmof-03c6ba9,,https://doi.org/10.1039/C9TA01752F
IGUVAJ_FSR,6196ca2af8a517a48b6c6b30,qmof-c848195,IGUVAJ,https://doi.org/10.1038/ncomms7917
HUTKIS_FSR,6196ca21f8a517a48b6c6aaf,qmof-9afa0ab,HUTKIS,https://doi.org/10.1016/j.jssc.2015.11.010
boydwoo_str_m7_Zn_o8_o23_bcu_sym_96,6196d246a6be6ad33899fba7,qmof-54e4b67,,https://doi.org/10.24435/materialscloud:2018.0016/v3
QUHPOZ_FSR,6196cd50f8a517a48b6c9de9,qmof-c3750eb,QUHPOZ,https://doi.org/10.1016/j.ica.2009.10.001
boydwoo_str_m7_o8_o25_bcu_sym_246,6196d06bf8a517a48b6cd6d6,qmof-2142f31,,https://doi.org/10.24435/materialscloud:2018.0016/v3
core_FECWOB01_freeONLY,6196d074a6be6ad33899e0a3,qmof-33bbe86,FECWOB01,
EJEMUB_FSR,6196c8aba6be6ad338995913,qmof-1798d3b,EJEMUB,https://doi.org/10.1107/S0108270103014252
core_ROHWOC_freeONLY,6196d282f8a517a48b6cfbc6,qmof-295bfb2,ROHWOC,
boydwoo_str_m7_Zn_o6_o20_bcu_sym_108,6196d060f8a517a48b6cd600,qmof-d45bd61,,https://doi.org/10.24435/materialscloud:2018.0016/v3
KAXTEK_FSR,6196caaaf8a517a48b6c7404,qmof-6cc9d61,KAXTEK,https://doi.org/10.1021/cg201432w
gmof_Uio66Zr-irmof20_A-irmof8_A_No260,6196d14ba6be6ad33899edb2,qmof-dd5eb41,,https://doi.org/10.1039/C9TA01752F
boydwoo_str_m7_Zn_o13_o24_bcu_sym_60,6196d04ba6be6ad33899de8d,qmof-04dd137,,https://doi.org/10.24435/materialscloud:2018.0016/v3
core_LASWEJ_freeONLY,6196d0c0a6be6ad33899e4b2,qmof-871db39,LASWEJ,
boydwoo_str_m7_o9_o10_bcu_sym_168,6196d06bf8a517a48b6cd6e4,qmof-86aaca3,,https://doi.org/10.24435/materialscloud:2018.0016/v3
FOYFAC_FSR,6196c93cf8a517a48b6c5ba2,qmof-eae6585,FOYFAC,https://doi.org/10.1039/C5CE00341E
gmof_ZnN4-SiF6-ADC_No1,6196d271f8a517a48b6cfab9,qmof-e5121a9,,https://doi.org/10.1039/C9TA01752F
tobacco_bor_sym_3_mc_0_sym_4_on_6_L_15,6196d18ea6be6ad33899f19d,qmof-f756730,,https://doi.org/10.1021/acs.cgd.7b00848
XEVXUT_FSR,6196cf09a6be6ad33899c6d1,qmof-4c69dae,XEVXUT,https://doi.org/10.1021/cg301312v
boydwoo_str_m7_Zn_o20_o23_bcu_sym_138,6196d23ba6be6ad33899faf3,qmof-9e4fd83,,https://doi.org/10.24435/materialscloud:2018.0016/v3
CANQEO_FSR,6196c7b5a6be6ad338994923,qmof-724492a,CANQEO,https://doi.org/10.1039/b418879a
gmof_Zn4O13-irmof20_A-irmof6_A_No115,6196d192a6be6ad33899f1de,qmof-ef78caf,,https://doi.org/10.1039/C9TA01752F
BIFSUF_FSR,6196c766a6be6ad33899435c,qmof-42b55bb,BIFSUF,
QUPZAE02_FSR,6196cd4df8a517a48b6c9db2,qmof-ce52fe3,QUPZAE02,https://doi.org/10.1021/jacs.6b09155
boydwoo_str_m7_o9_o24_bcu_sym_35,6196d070f8a517a48b6cd73e,qmof-0554391,,https://doi.org/10.24435/materialscloud:2018.0016/v3
GUTYAW_FSR,6196c9a2a6be6ad338996654,qmof-7b525e0,GUTYAW,https://doi.org/10.1016/j.inoche.2009.09.008
boydwoo_str_m7_Zn_o8_o17_bcu_sym_104,6196d070f8a517a48b6cd738,qmof-42a8827,,https://doi.org/10.24435/materialscloud:2018.0016/v3
core_BOMCOX_freeONLY,6196d060f8a517a48b6cd606,qmof-d38b97e,BOMCOX,
boydwoo_str_m7_Zn_o4_o24_bcu_sym_230,6196d05cf8a517a48b6cd5b4,qmof-3450d20,,https://doi.org/10.24435/materialscloud:2018.0016/v3
HEJCOR_FSR,6196c9eea6be6ad338996b94,qmof-938e4e7,HEJCOR,
MOF-5_cooh_2_1400_1,6196cb87a6be6ad338998718,qmof-b1bac88,,https://doi.org/10.1021/jp401920y
gmof_Zn4O13-BDC_A-irmof20_A_No542,6196d28bf8a517a48b6cfc52,qmof-450ce99,,https://doi.org/10.1039/C9TA01752F
core_ESEVIH_freeONLY,6196d067a6be6ad33899e012,qmof-106adc0,ESEVIH,
boydwoo_str_m7_o17_o26_bcu_sym_104,6196d05ff8a517a48b6cd5f5,qmof-80d3bc6,,https://doi.org/10.24435/materialscloud:2018.0016/v3
CAXREA01_FSR,6196c793f8a517a48b6c3e84,qmof-97d9145,CAXREA01,https://doi.org/10.1039/C5NJ02193F
gmof_Al2O6-irmof16_B-irmof20_B_No279,6196d0fdf8a517a48b6ce13f,qmof-ee72547,,https://doi.org/10.1039/C9TA01752F
boydwoo_str_m4_Al_o20_o25_acs_sym_98,6196d004f8a517a48b6cd029,qmof-44f9ad0,,https://doi.org/10.24435/materialscloud:2018.0016/v3
boydwoo_str_m7_Zn_o13_o24_bcu_sym_34,6196d04ba6be6ad33899de7f,qmof-810ee9a,,https://doi.org/10.24435/materialscloud:2018.0016/v3
PADCEE_FSR,6196cc88f8a517a48b6c904b,qmof-647f2f7,PADCEE,https://doi.org/10.1002/zaac.200900516
EYEYIR_FSR,6196c8f0a6be6ad338995ce6,qmof-cc095cc,EYEYIR,https://doi.org/10.1002/zaac.201100104
boydwoo_str_m7_Zn_o10_o22_bcu_sym_42,6196d038a6be6ad33899dd34,qmof-0cfa193,,https://doi.org/10.24435/materialscloud:2018.0016/v3
BUWWAT_FSR,6196c7c1a6be6ad3389949f0,qmof-34cda6e,BUWWAT,
tobacco_srsb_sym_3_mc_0_sym_3_on_0_L_12,6196d19fa6be6ad33899f27d,qmof-81072bf,,https://doi.org/10.1021/acs.cgd.7b00848
gmof_Al2O6-AZO_B-irmof20_B_No263,6196d0d9f8a517a48b6cde12,qmof-db5d1ed,,https://doi.org/10.1039/C9TA01752F
WEMMEI_FSR,6196ced6f8a517a48b6cba65,qmof-9ab47e7,WEMMEI,https://doi.org/10.1039/c2ce26828k
LIXRIV_FSR,6196cb2ba6be6ad3389980de,qmof-2e15076,LIXRIV,https://doi.org/10.1002/adfm.201002357
NUXLUN01_FSR,6196cc55a6be6ad3389997b2,qmof-a149d95,NUXLUN01,
boydwoo_str_m5_Al_o3_o25_sra_sym_135,6196d026f8a517a48b6cd26e,qmof-66a37f1,,https://doi.org/10.24435/materialscloud:2018.0016/v3
boydwoo_str_m3_o14_o24_pcu_sym_26,6196cfadf8a517a48b6cc9fd,qmof-0c697c4,,https://doi.org/10.24435/materialscloud:2018.0016/v3
gmof_Zn2O8-ADC_A-irmof20_A_No178,6196d147a6be6ad33899ed65,qmof-bfb6a2b,,https://doi.org/10.1039/C9TA01752F
KAKTIC01_FSR,6196caa9a6be6ad338997819,qmof-f8dd6bc,KAKTIC01,https://doi.org/10.1021/acs.cgd.5b01360
VOCXUH_FSR,6196ce83a6be6ad33899be49,qmof-605c8c0,VOCXUH,https://doi.org/10.1007/s11243-008-9086-7
tobacco_bor_sym_3_mc_0_sym_4_on_7_L_15,6196d195a6be6ad33899f1fb,qmof-b52c6c5,,https://doi.org/10.1021/acs.cgd.7b00848
tobacco_bor_sym_3_mc_0_sym_4_on_6_L_20,6196d190a6be6ad33899f1bb,qmof-ccc0f18,,https://doi.org/10.1021/acs.cgd.7b00848
gmof_Uio66Zr-irmof20_A-irmof8_A_No77,6196d131a6be6ad33899ebfd,qmof-b3220dc,,https://doi.org/10.1039/C9TA01752F
gmof_Zn2O8N2-irmof20_A-irmof6_A_No253,6196d15bf8a517a48b6ce989,qmof-60168f8,,https://doi.org/10.1039/C9TA01752F
gmof_Uio66Zr-irmof20_A_No10,6196d131a6be6ad33899ec07,qmof-a797022,,https://doi.org/10.1039/C9TA01752F
NUXMEY01_FSR,6196cc56a6be6ad3389997c1,qmof-8c3516d,NUXMEY01,
tobacco_srsb_sym_3_mc_0_sym_3_on_2_L_16,6196d1a5a6be6ad33899f2c8,qmof-efd8c2a,,https://doi.org/10.1021/acs.cgd.7b00848
CILXIH01_FSR,6196c7d0a6be6ad338994ae1,qmof-0cad810,CILXIH01,https://doi.org/10.1021/acs.chemmater.8b03621
boydwoo_str_m1_o9_o24_pcu_sym_14,6196cfa1a6be6ad33899d104,qmof-75ed9bb,,https://doi.org/10.24435/materialscloud:2018.0016/v3
boydwoo_str_m7_Zn_o8_o23_bcu_sym_225,6196d242a6be6ad33899fb73,qmof-959fc3d,,https://doi.org/10.24435/materialscloud:2018.0016/v3
tobacco_bor_sym_3_mc_0_sym_4_on_8__,6196d19ca6be6ad33899f264,qmof-de19ecd,,https://doi.org/10.1021/acs.cgd.7b00848
YOVGEX_FSR,6196cf66a6be6ad33899cc1a,qmof-f73a75b,YOVGEX,https://doi.org/10.1021/cg5011506
JIZCON_FSR,6196ca6af8a517a48b6c6faf,qmof-646d39f,JIZCON,https://doi.org/10.1021/acs.inorgchem.9b00114
OGAGEL_FSR,6196d224a6be6ad33899f97c,qmof-e392a20,OGAGEL,https://doi.org/10.1039/C8CE01233D
gmof_Zn4O13-irmof20_A-irmof6_A_No118,6196d194a6be6ad33899f1f2,qmof-0db5672,,https://doi.org/10.1039/C9TA01752F
boydwoo_str_m3_o17_o25_pcu_sym_15,6196cf9fa6be6ad33899d0c6,qmof-16edcac,,https://doi.org/10.24435/materialscloud:2018.0016/v3
boydwoo_str_m7_Zn_o1_o22_bcu_sym_5,6196d05da6be6ad33899dfa4,qmof-819df1b,,https://doi.org/10.24435/materialscloud:2018.0016/v3
boydwoo_str_m7_Zn_o8_o25_bcu_sym_232,6196d056f8a517a48b6cd548,qmof-b4f57d6,,https://doi.org/10.24435/materialscloud:2018.0016/v3
boydwoo_str_m7_Zn_o17_o26_bcu_sym_77,6196d052a6be6ad33899defb,qmof-7d8aedf,,https://doi.org/10.24435/materialscloud:2018.0016/v3
gmof_AlO6-irmof20_A_No14,6196d0fda6be6ad33899e954,qmof-09f0270,,https://doi.org/10.1039/C9TA01752F
QAGWEC_FSR,6196cce5a6be6ad33899a1f2,qmof-c2bbdc5,QAGWEC,https://doi.org/10.1039/c0ce00149j
BUWWUN_FSR,6196c7c3a6be6ad338994a0e,qmof-a1057f3,BUWWUN,
KAKSAT01_FSR,6196caa7a6be6ad338997803,qmof-43ba689,KAKSAT01,https://doi.org/10.1021/acs.cgd.5b01360
HADMAD01_FSR,6196c9bca6be6ad338996822,qmof-a4114e9,HADMAD01,https://doi.org/10.1021/jacs.6b09155
MOF-5_cooh_2_1239_1,6196cb84a6be6ad3389986e7,qmof-97b17d1,,https://doi.org/10.1021/jp401920y
DIDBEZ_FSR,6196c855a6be6ad338995428,qmof-eac83e1,DIDBEZ,https://doi.org/10.1021/ic301857h
boydwoo_str_m7_o20_o23_bcu_sym_158,6196d065f8a517a48b6cd66b,qmof-68ba5d7,,https://doi.org/10.24435/materialscloud:2018.0016/v3
DUTLAH_FSR,6196c87aa6be6ad338995651,qmof-13bee8a,DUTLAH,https://doi.org/10.1039/C5DT01976A
gmof_Zn4O13-irmof20_A-irmof6_A_No109,6196d192a6be6ad33899f1d5,qmof-47be35c,,https://doi.org/10.1039/C9TA01752F
QUPZIM_FSR,6196cd4ff8a517a48b6c9dd2,qmof-827fbe8,QUPZIM,https://doi.org/10.1038/nature15732
boydwoo_str_m7_Zn_o4_o13_bcu_sym_179,6196d058f8a517a48b6cd56b,qmof-502b122,,https://doi.org/10.24435/materialscloud:2018.0016/v3
gmof_Zn4O13-irmof20_A-irmof6_A_No2,6196d19aa6be6ad33899f249,qmof-da67d2d,,https://doi.org/10.1039/C9TA01752F
QANBAJ_FSR,6196ccf5a6be6ad33899a31e,qmof-7714b19,QANBAJ,https://doi.org/10.1107/S0108270104031397
core_BIBXUH_freeONLY,6196d05df8a517a48b6cd5cd,qmof-3dafa19,BIBXUH,
CIZFOG_FSR,6196c7c9a6be6ad338994a64,qmof-bd1d6cf,CIZFOG,https://doi.org/10.1246/cl.1999.195
GUBVUU_FSR,6196c9abf8a517a48b6c625d,qmof-22c2e9c,GUBVUU,https://doi.org/10.1021/ja982577a
OGIHAO_FSR,6196cc30f8a517a48b6c8c45,qmof-3af1f54,OGIHAO,https://doi.org/10.1039/b907895a
CUYHUA_FSR,6196c800a6be6ad338994e34,qmof-0164af1,CUYHUA,https://doi.org/10.1039/b915889h
IDUCOA01_FSR,6196c9f9f8a517a48b6c67e3,qmof-d82fb09,IDUCOA01,https://doi.org/10.5012/bkcs.2013.34.12.3749
boydwoo_str_m7_Zn_o6_o25_bcu_sym_104,6196d068f8a517a48b6cd6a3,qmof-7e3c643,,https://doi.org/10.24435/materialscloud:2018.0016/v3
core_CUNWEO_freeONLY,6196d082f8a517a48b6cd876,qmof-f203c62,CUNWEO,
boydwoo_str_m7_Zn_o11_o11_bcu_sym_71,6196d03da6be6ad33899dd94,qmof-a517cdf,,https://doi.org/10.24435/materialscloud:2018.0016/v3
CIDDIE_FSR,6196c7d1f8a517a48b6c420e,qmof-ae99cce,CIDDIE,https://doi.org/10.1016/j.ica.2013.01.005
boydwoo_str_m7_o12_o24_bcu_sym_7,6196d05ef8a517a48b6cd5e6,qmof-21516a5,,https://doi.org/10.24435/materialscloud:2018.0016/v3
boydwoo_str_m7_Zn_o8_o25_bcu_sym_88,6196d059f8a517a48b6cd57a,qmof-24ebfb1,,https://doi.org/10.24435/materialscloud:2018.0016/v3
EQUWIW_FSR,6196d1fef8a517a48b6cf2e6,qmof-2644313,EQUWIW,https://doi.org/10.1021/cm020650x
gmof_Zn4O13-BDC_A-irmof20_A_No2,6196d162a6be6ad33899ef31,qmof-ec4da0e,,https://doi.org/10.1039/C9TA01752F
SUJREV_FSR,6196cdeaa6be6ad33899b463,qmof-6e5272e,SUJREV,https://doi.org/10.1002/anie.200905898
GETWEJ_FSR,6196c973a6be6ad3389963da,qmof-6011a1c,GETWEJ,https://doi.org/10.1039/c2ce26793d
tobacco_srsb_sym_3_on_0_sym_3_mc_0_L_2,6196d1a9a6be6ad33899f2ff,qmof-6a62f82,,https://doi.org/10.1021/acs.cgd.7b00848
boydwoo_str_m3_o40_o41_fof_sym_11,6196cfe1a6be6ad33899d69f,qmof-43dc9b0,,https://doi.org/10.24435/materialscloud:2018.0016/v3
boydwoo_str_m7_Zn_o8_o17_bcu_sym_102,6196d06ff8a517a48b6cd72a,qmof-21029e1,,https://doi.org/10.24435/materialscloud:2018.0016/v3
boydwoo_str_m7_Zn_o20_o23_bcu_sym_23,6196d23ca6be6ad33899fb13,qmof-765402f,,https://doi.org/10.24435/materialscloud:2018.0016/v3
XEGRAF_FSR,6196d269a6be6ad33899fdaa,qmof-05b0858,XEGRAF,https://doi.org/10.1016/j.inoche.2017.06.020
QOTDUZ_FSR,6196cd36a6be6ad33899a783,qmof-96c10f1,QOTDUZ,https://doi.org/10.1021/am800030h
gmof_AlO6-irmof20_A_No10,6196d0fca6be6ad33899e940,qmof-8cfe4a4,,https://doi.org/10.1039/C9TA01752F
core_OTUXUX_freeONLY,6196d09aa6be6ad33899e26c,qmof-9238a46,OTUXUX,
gmof_CuN4-SiF6-DPAC_No1,6196d119f8a517a48b6ce435,qmof-be54856,,https://doi.org/10.1039/C9TA01752F
boydwoo_str_m7_Zn_o1_o11_bcu_sym_166,6196d059a6be6ad33899df73,qmof-d3ac615,,https://doi.org/10.24435/materialscloud:2018.0016/v3
boydwoo_str_m7_Zn_o25_o25_bcu_sym_261,6196d048f8a517a48b6cd460,qmof-9c61283,,https://doi.org/10.24435/materialscloud:2018.0016/v3
ERIHET_FSR,6196c8adf8a517a48b6c50c9,qmof-92ce4a1,ERIHET,https://doi.org/10.1107/S1600536811018721
boydwoo_str_m7_Zn_o4_o22_bcu_sym_25,6196d05af8a517a48b6cd58a,qmof-73feda8,,https://doi.org/10.24435/materialscloud:2018.0016/v3
boydwoo_str_m7_Zn_o13_o17_bcu_sym_119,6196d049a6be6ad33899de6a,qmof-fe2e2aa,,https://doi.org/10.24435/materialscloud:2018.0016/v3
gmof_Al2O6-BDC_B-irmof20_B_No102,6196d0f0f8a517a48b6ce00c,qmof-c7521fe,,https://doi.org/10.1039/C9TA01752F
boydwoo_str_m7_o9_o24_bcu_sym_33,6196d06ff8a517a48b6cd730,qmof-7916e8d,,https://doi.org/10.24435/materialscloud:2018.0016/v3
IKAVEX_FSR,6196ca15a6be6ad338996e36,qmof-9564d97,IKAVEX,https://doi.org/10.1080/00958972.2016.1147563
core_EWESAC_freeONLY,6196d06ba6be6ad33899e044,qmof-1fd7c8a,EWESAC,
gmof_Al2O6-DPAC_B-irmof20_B_No162,6196d0e5a6be6ad33899e748,qmof-b527d66,,https://doi.org/10.1039/C9TA01752F
SUQFUH01_FSR,6196cdf5a6be6ad33899b51d,qmof-54296f8,SUQFUH01,https://doi.org/10.1021/acs.inorgchem.8b03641
boydwoo_str_m7_Zn_o11_o22_bcu_sym_66,6196d043a6be6ad33899de10,qmof-7daffde,,https://doi.org/10.24435/materialscloud:2018.0016/v3
CUQXUJ_FSR,6196c80af8a517a48b6c45ed,qmof-930ace4,CUQXUJ,https://doi.org/10.1039/C5CE01008J
boydwoo_str_m3_o25_o28_pcu_sym_173,6196cfd2a6be6ad33899d581,qmof-4048940,,https://doi.org/10.24435/materialscloud:2018.0016/v3
TITBIJ_FSR,6196ce1bf8a517a48b6cac30,qmof-e7d8fc2,TITBIJ,https://doi.org/10.1021/ic402467g
boydwoo_str_m7_Zn_o6_o25_bcu_sym_60,6196d06cf8a517a48b6cd6ef,qmof-01ea939,,https://doi.org/10.24435/materialscloud:2018.0016/v3
boydwoo_str_m7_Zn_o11_o22_bcu_sym_10,6196d03fa6be6ad33899ddc1,qmof-8f7fc45,,https://doi.org/10.24435/materialscloud:2018.0016/v3
boydwoo_str_m3_o41_o41_fof_sym_33,6196cfe3a6be6ad33899d6b4,qmof-95d0a04,,https://doi.org/10.24435/materialscloud:2018.0016/v3
ANODEN_FSR,6196c711a6be6ad338993cf3,qmof-ecc4da9,ANODEN,https://doi.org/10.1007/s11434-009-0644-y
gmof_Al2O6-DPAC_B-irmof20_B_No352,6196d0e8a6be6ad33899e78b,qmof-64d736f,,https://doi.org/10.1039/C9TA01752F
core_IVEHEW_manual,6196d090a6be6ad33899e1e3,qmof-9b41c8c,IVEHEW,
AYIWOV01_FSR,6196c727f8a517a48b6c376e,qmof-f5690c7,AYIWOV01,https://doi.org/10.5012/bkcs.2013.34.12.3749
core_RUWZOA_freeONLY,6196d0b4f8a517a48b6cdb9b,qmof-5d1e419,RUWZOA,
boydwoo_str_m7_Zn_o4_o13_bcu_sym_21,6196d059f8a517a48b6cd577,qmof-245b3af,,https://doi.org/10.24435/materialscloud:2018.0016/v3
core_VAHPUR_freeONLY,6196d0d5f8a517a48b6cddbd,qmof-edb4726,VAHPUR,
gmof_Al2O6-DPAC_B-irmof20_B_No112,6196d0e3a6be6ad33899e72a,qmof-88f6b3e,,https://doi.org/10.1039/C9TA01752F
IDEYOF_FSR,6196ca28a6be6ad338996f89,qmof-355afa1,IDEYOF,https://doi.org/10.1021/ic0106017
boydwoo_str_m7_Zn_o25_o25_bcu_sym_112,6196d046f8a517a48b6cd43f,qmof-43001f3,,https://doi.org/10.24435/materialscloud:2018.0016/v3
BUWWOH_FSR,6196c7c2a6be6ad338994a04,qmof-0cf6fb4,BUWWOH,
boydwoo_str_m3_o16_o24_pcu_sym_8,6196cfb5f8a517a48b6cca75,qmof-79f12b9,,https://doi.org/10.24435/materialscloud:2018.0016/v3
core_JODFOZ_freeONLY,6196d09fa6be6ad33899e2b1,qmof-c17855f,JODFOZ,
OKUTIY_FSR,6196cc67f8a517a48b6c8ecf,qmof-7efaea0,OKUTIY,https://doi.org/10.1016/j.molstruc.2010.12.007
boydwoo_str_m7_Zn_o6_o25_bcu_sym_99,6196d06ef8a517a48b6cd70e,qmof-8141ce1,,https://doi.org/10.24435/materialscloud:2018.0016/v3
POPVIC_FSR,6196cceff8a517a48b6c96fe,qmof-dbc27ec,POPVIC,https://doi.org/10.1021/acs.cgd.9b00552
WOLLUF_FSR,6196cee1a6be6ad33899c4dd,qmof-322e926,WOLLUF,https://doi.org/10.1039/b801231h
boydwoo_str_m7_o4_o13_bcu_sym_92,6196d068f8a517a48b6cd6aa,qmof-53dfad5,,https://doi.org/10.24435/materialscloud:2018.0016/v3
OVIDAZ_FSR,6196cc60a6be6ad338999877,qmof-0c6dba4,OVIDAZ,https://doi.org/10.1021/cg101433t
boydwoo_str_m7_Zn_o4_o9_bcu_sym_7,6196d05ef8a517a48b6cd5e1,qmof-d4f1c96,,https://doi.org/10.24435/materialscloud:2018.0016/v3
AJOFAI_FSR,6196c71ea6be6ad338993e5e,qmof-6ab4305,AJOFAI,https://doi.org/10.1002/zaac.201500167
gmof_Al2O6-irmof12_B-irmof20_B_No4,6196d0fbf8a517a48b6ce105,qmof-b041a69,,https://doi.org/10.1039/C9TA01752F
boydwoo_str_m7_Zn_o11_o24_bcu_sym_157,6196d045a6be6ad33899de24,qmof-681c140,,https://doi.org/10.24435/materialscloud:2018.0016/v3
LUXBAI_FSR,6196cb77f8a517a48b6c822a,qmof-953f377,LUXBAI,https://doi.org/10.1002/zaac.200900412
FURKAG_FSR,6196c921a6be6ad338995f20,qmof-1942bae,FURKAG,https://doi.org/10.14102/j.cnki.0254-5861.2011-0974
TENLAC_FSR,6196cdfaf8a517a48b6ca9c7,qmof-b6a965a,TENLAC,https://doi.org/10.1002/ejic.201701015
gmof_AlO6-irmof20_A_No16,6196d0fea6be6ad33899e95e,qmof-41074b5,,https://doi.org/10.1039/C9TA01752F
boydwoo_str_m7_Zn_o12_o24_bcu_sym_173,6196d047a6be6ad33899de4c,qmof-b867fda,,https://doi.org/10.24435/materialscloud:2018.0016/v3
gmof_Zn4O13-irmof20_A-irmof6_A_No31,6196d28df8a517a48b6cfc6b,qmof-1d94c8a,,https://doi.org/10.1039/C9TA01752F
gmof_Zn4O13-BDC_A-irmof20_A_No134,6196d15ba6be6ad33899eec4,qmof-e0b6341,,https://doi.org/10.1039/C9TA01752F
core_RUWZIU_freeONLY,6196d0b3f8a517a48b6cdb8f,qmof-5091dcd,RUWZIU,
boydwoo_str_m7_Zn_o1_o22_bcu_sym_30,6196d05ca6be6ad33899df9f,qmof-a5a42fa,,https://doi.org/10.24435/materialscloud:2018.0016/v3
tobacco_bor_sym_3_mc_0_sym_4_on_6_L_12,6196d18ca6be6ad33899f17f,qmof-06a973f,,https://doi.org/10.1021/acs.cgd.7b00848
EMEJAJ_FSR,6196c8bda6be6ad338995a56,qmof-9034501,EMEJAJ,https://doi.org/10.1126/science.aaf.2458
boydwoo_str_m7_o9_o10_bcu_sym_33,6196d06cf8a517a48b6cd6f3,qmof-2adadfd,,https://doi.org/10.24435/materialscloud:2018.0016/v3
gmof_Zn4O13-irmof20_A-irmof6_A_No116,6196d193a6be6ad33899f1e8,qmof-945824a,,https://doi.org/10.1039/C9TA01752F
boydwoo_str_m7_Zn_o4_o13_bcu_sym_124,6196d057f8a517a48b6cd558,qmof-28acf7f,,https://doi.org/10.24435/materialscloud:2018.0016/v3
VEPJUX_FSR,6196ce90f8a517a48b6cb55e,qmof-1db5694,VEPJUX,https://doi.org/10.1021/ic301261g
EVOMEH_FSR,6196c8cba6be6ad338995b3d,qmof-25d5a89,EVOMEH,https://doi.org/10.1107/S0108270104008273
gmof_Uio66Zr-irmof20_A-irmof8_A_No228,6196d14aa6be6ad33899eda8,qmof-ca4b8ca,,https://doi.org/10.1039/C9TA01752F
gmof_Al2O6-DPAC_B-irmof20_B_No135,6196d0e4a6be6ad33899e73e,qmof-e917997,,https://doi.org/10.1039/C9TA01752F
boydwoo_str_m4_Al_o20_o25_acs_sym_132,6196d001f8a517a48b6ccfd7,qmof-c9683b1,,https://doi.org/10.24435/materialscloud:2018.0016/v3
boydwoo_str_m7_Zn_o8_o17_bcu_sym_77,6196d23fa6be6ad33899fb3f,qmof-ff970f0,,https://doi.org/10.24435/materialscloud:2018.0016/v3
boydwoo_str_m7_Zn_o6_o20_bcu_sym_87,6196d066f8a517a48b6cd68a,qmof-3c4fdf0,,https://doi.org/10.24435/materialscloud:2018.0016/v3
NESGAV_FSR,6196d221a6be6ad33899f959,qmof-c2c4df4,NESGAV,https://doi.org/10.1039/c2ce26323h
AXOVEP_FSR,6196c74ca6be6ad33899418f,qmof-c31564c,AXOVEP,https://doi.org/10.1039/c0cp01717e
gmof_Zn4O13-irmof20_A-irmof6_A_No3,6196d19ca6be6ad33899f25c,qmof-f36f74c,,https://doi.org/10.1039/C9TA01752F
tobacco_SR_scu_v1-8c_Zr_1_Ch_v2-4c_B_Ch_1B_4CN_Ch_2x2x2,6196d19cf8a517a48b6cedfd,qmof-e635eb9,,https://doi.org/10.17605/OSF.IO/7DGVY
UBEXEE_FSR,6196ce2df8a517a48b6cad7f,qmof-8c2860b,UBEXEE,https://doi.org/10.1021/ic0100018
YOSDOA_FSR,6196cf5da6be6ad33899cb6b,qmof-b8cc0aa,YOSDOA,https://doi.org/10.1016/j.jssc.2008.11.019
LELMOF_FSR,6196cb20f8a517a48b6c7c0e,qmof-a6e5426,LELMOF,https://doi.org/10.1002/ejic.200600189
boydwoo_str_m7_Zn_o10_o24_bcu_sym_143,6196d039a6be6ad33899dd46,qmof-c5af396,,https://doi.org/10.24435/materialscloud:2018.0016/v3
PIXHUB_FSR,6196ccd5f8a517a48b6c9543,qmof-a155c71,PIXHUB,https://doi.org/10.1002/anie.201308606
boydwoo_str_m7_Zn_o6_o25_bcu_sym_81,6196d06df8a517a48b6cd6fd,qmof-5acc8b3,,https://doi.org/10.24435/materialscloud:2018.0016/v3
boydwoo_str_m7_Zn_o25_o26_bcu_sym_112,6196d049f8a517a48b6cd473,qmof-b58de2b,,https://doi.org/10.24435/materialscloud:2018.0016/v3
gmof_Al2O6-AZO_B-irmof20_B_No54,6196d0daf8a517a48b6cde1c,qmof-4e450ae,,https://doi.org/10.1039/C9TA01752F
METPIK_FSR,6196cba7f8a517a48b6c856a,qmof-3a8aeef,METPIK,https://doi.org/10.1039/b003733h
JOHLID_FSR,6196ca87f8a517a48b6c71bb,qmof-b0a3596,JOHLID,https://doi.org/10.1016/j.ica.2014.03.019
EMECOO_FSR,6196c8baa6be6ad338995a22,qmof-1ff599f,EMECOO,https://doi.org/10.1016/j.inoche.2003.09.001
IYEXEP_FSR,6196ca47a6be6ad338997170,qmof-7d4acd6,IYEXEP,https://doi.org/10.1016/j.jssc.2004.01.017
boydwoo_str_m7_Zn_o20_o25_bcu_sym_155,6196d041f8a517a48b6cd3dd,qmof-cce872e,,https://doi.org/10.24435/materialscloud:2018.0016/v3
gmof_Al2O6-DPAC_B-irmof20_B_No233,6196d0e6a6be6ad33899e752,qmof-be19282,,https://doi.org/10.1039/C9TA01752F
boydwoo_str_m7_Zn_o6_o20_bcu_sym_100,6196d05ff8a517a48b6cd5f0,qmof-9ef10eb,,https://doi.org/10.24435/materialscloud:2018.0016/v3
boydwoo_str_m7_Zn_o17_o26_bcu_sym_255,6196d050a6be6ad33899ded5,qmof-e9474aa,,https://doi.org/10.24435/materialscloud:2018.0016/v3
boydwoo_str_m7_Zn_o8_o25_bcu_sym_149,6196d246a6be6ad33899fbaf,qmof-f9c76c1,,https://doi.org/10.24435/materialscloud:2018.0016/v3
boydwoo_str_m7_Zn_o8_o25_bcu_sym_71,6196d057f8a517a48b6cd55d,qmof-90d886e,,https://doi.org/10.24435/materialscloud:2018.0016/v3
boydwoo_str_m7_Zn_o4_o22_bcu_sym_52,6196d05bf8a517a48b6cd595,qmof-8de0c10,,https://doi.org/10.24435/materialscloud:2018.0016/v3
HUTWUQ_FSR,6196ca27f8a517a48b6c6b0f,qmof-c30e806,HUTWUQ,https://doi.org/10.1021/acs.cgd.5b00741
gmof_Al2O6-DPAC_B-irmof20_B_No253,6196d0e6a6be6ad33899e75c,qmof-3343792,,https://doi.org/10.1039/C9TA01752F
core_HADLOQ01_freeONLY,6196d089f8a517a48b6cd8ee,qmof-c9afd47,HADLOQ01,
gmof_AlO6-irmof20_A_No1,6196d0fca6be6ad33899e93b,qmof-f39795c,,https://doi.org/10.1039/C9TA01752F
RAVLUX_FSR,6196cd5aa6be6ad33899aa1c,qmof-6e3e4eb,RAVLUX,https://doi.org/10.1021/cg300029d
